4C11AE10CD26,11/10/2019 0:00,1573318800,27.7,49.88,58,65
4C11AE10CD26,11/10/2019 0:03,1573318980,27.69,49.95,58,65
4C11AE10CD26,11/10/2019 0:06,1573319160,27.67,50.01,57,64
4C11AE10CD26,11/10/2019 0:09,1573319340,27.69,50.01,57,63
4C11AE10CD26,11/10/2019 0:12,1573319520,27.67,50.05,57,63
4C11AE10CD26,11/10/2019 0:15,1573319700,27.67,50.04,57,63
4C11AE10CD26,11/10/2019 0:18,1573319880,27.67,50.04,56,63
4C11AE10CD26,11/10/2019 0:21,1573320060,27.67,50.05,57,63
4C11AE10CD26,11/10/2019 0:24,1573320240,27.68,50.08,56,62
4C11AE10CD26,11/10/2019 0:27,1573320420,27.65,50.11,56,62
4C11AE10CD26,11/10/2019 0:30,1573320600,27.66,50.09,56,62
4C11AE10CD26,11/10/2019 0:33,1573320780,27.67,50.08,56,62
4C11AE10CD26,11/10/2019 0:36,1573320960,27.66,50.08,56,62
4C11AE10CD26,11/10/2019 0:39,1573321140,27.66,50.1,55,61
4C11AE10CD26,11/10/2019 0:42,1573321320,27.67,50.11,55,61
4C11AE10CD26,11/10/2019 0:45,1573321500,27.66,50.1,55,61
4C11AE10CD26,11/10/2019 0:48,1573321680,27.66,50.12,55,61
4C11AE10CD26,11/10/2019 0:51,1573321860,27.64,50.16,55,61
4C11AE10CD26,11/10/2019 0:54,1573322040,27.66,50.17,55,61
4C11AE10CD26,11/10/2019 0:57,1573322220,27.65,50.18,54,60
4C11AE10CD26,11/10/2019 1:00,1573322400,27.64,50.21,55,61
4C11AE10CD26,11/10/2019 1:03,1573322580,27.65,50.2,55,61
4C11AE10CD26,11/10/2019 1:06,1573322760,27.63,50.22,54,60
4C11AE10CD26,11/10/2019 1:09,1573322940,27.64,50.22,53,59
4C11AE10CD26,11/10/2019 1:12,1573323120,27.65,50.2,54,59
4C11AE10CD26,11/10/2019 1:15,1573323300,27.65,50.21,54,60
4C11AE10CD26,11/10/2019 1:18,1573323480,27.64,50.25,54,60
4C11AE10CD26,11/10/2019 1:21,1573323660,27.63,50.25,54,59
4C11AE10CD26,11/10/2019 1:24,1573323840,27.65,50.21,53,59
4C11AE10CD26,11/10/2019 1:27,1573324020,27.65,50.22,53,59
4C11AE10CD26,11/10/2019 1:30,1573324200,27.63,50.24,53,59
4C11AE10CD26,11/10/2019 1:33,1573324380,27.63,50.24,53,59
4C11AE10CD26,11/10/2019 1:36,1573324560,27.63,50.28,52,58
4C11AE10CD26,11/10/2019 1:39,1573324740,27.64,50.24,53,59
4C11AE10CD26,11/10/2019 1:42,1573324920,27.64,50.26,52,58
4C11AE10CD26,11/10/2019 1:45,1573325100,27.63,50.27,53,59
4C11AE10CD26,11/10/2019 1:48,1573325280,27.63,50.29,53,59
4C11AE10CD26,11/10/2019 1:51,1573325460,27.64,50.28,53,58
4C11AE10CD26,11/10/2019 1:54,1573325640,27.63,50.29,52,58
4C11AE10CD26,11/10/2019 1:57,1573325820,27.63,50.3,52,58
4C11AE10CD26,11/10/2019 2:00,1573326000,27.64,50.31,53,58
4C11AE10CD26,11/10/2019 2:03,1573326180,27.62,50.36,52,58
4C11AE10CD26,11/10/2019 2:06,1573326360,27.62,50.39,52,57
4C11AE10CD26,11/10/2019 2:09,1573326540,27.63,50.37,52,58
4C11AE10CD26,11/10/2019 2:12,1573326720,27.63,50.39,52,57
4C11AE10CD26,11/10/2019 2:15,1573326900,27.63,50.4,51,57
4C11AE10CD26,11/10/2019 2:18,1573327080,27.63,50.42,51,56
4C11AE10CD26,11/10/2019 2:21,1573327260,27.63,50.46,51,56
4C11AE10CD26,11/10/2019 2:24,1573327440,27.62,50.5,51,57
4C11AE10CD26,11/10/2019 2:27,1573327620,27.62,50.52,51,56
4C11AE10CD26,11/10/2019 2:30,1573327800,27.63,50.54,51,57
4C11AE10CD26,11/10/2019 2:33,1573327980,27.63,50.56,51,56
4C11AE10CD26,11/10/2019 2:36,1573328160,27.62,50.6,51,56
4C11AE10CD26,11/10/2019 2:39,1573328340,27.62,50.64,51,56
4C11AE10CD26,11/10/2019 2:42,1573328520,27.62,50.65,50,56
4C11AE10CD26,11/10/2019 2:45,1573328700,27.62,50.69,51,56
4C11AE10CD26,11/10/2019 2:48,1573328880,27.61,50.73,51,56
4C11AE10CD26,11/10/2019 2:51,1573329060,27.61,50.71,50,55
4C11AE10CD26,11/10/2019 2:54,1573329240,27.62,50.71,50,55
4C11AE10CD26,11/10/2019 2:57,1573329420,27.6,50.75,50,55
4C11AE10CD26,11/10/2019 3:00,1573329600,27.6,50.77,49,55
4C11AE10CD26,11/10/2019 3:03,1573329780,27.58,50.81,50,55
4C11AE10CD26,11/10/2019 3:06,1573329960,27.59,50.8,50,55
4C11AE10CD26,11/10/2019 3:09,1573330140,27.59,50.79,49,54
4C11AE10CD26,11/10/2019 3:12,1573330320,27.58,50.82,50,55
4C11AE10CD26,11/10/2019 3:15,1573330500,27.59,50.81,50,55
4C11AE10CD26,11/10/2019 3:18,1573330680,27.57,50.84,50,56
4C11AE10CD26,11/10/2019 3:21,1573330860,27.57,50.86,52,57
4C11AE10CD26,11/10/2019 3:24,1573331040,27.56,50.88,53,58
4C11AE10CD26,11/10/2019 3:27,1573331220,27.57,50.89,54,59
4C11AE10CD26,11/10/2019 3:30,1573331400,27.56,50.95,55,61
4C11AE10CD26,11/10/2019 3:33,1573331580,27.52,51.07,56,63
4C11AE10CD26,11/10/2019 3:36,1573331760,27.52,51.08,58,64
4C11AE10CD26,11/10/2019 3:39,1573331940,27.54,51.05,59,65
4C11AE10CD26,11/10/2019 3:42,1573332120,27.53,51.09,60,67
4C11AE10CD26,11/10/2019 3:45,1573332300,27.53,51.08,62,69
4C11AE10CD26,11/10/2019 3:48,1573332480,27.53,51.11,63,70
4C11AE10CD26,11/10/2019 3:51,1573332660,27.52,51.12,63,70
4C11AE10CD26,11/10/2019 3:54,1573332840,27.5,51.17,65,73
4C11AE10CD26,11/10/2019 3:57,1573333020,27.5,51.2,65,72
4C11AE10CD26,11/10/2019 4:00,1573333200,27.51,51.17,66,73
4C11AE10CD26,11/10/2019 4:03,1573333380,27.51,51.16,66,74
4C11AE10CD26,11/10/2019 4:06,1573333560,27.5,51.17,68,76
4C11AE10CD26,11/10/2019 4:09,1573333740,27.51,51.2,69,77
4C11AE10CD26,11/10/2019 4:12,1573333920,27.49,51.24,70,78
4C11AE10CD26,11/10/2019 4:15,1573334100,27.5,51.27,71,79
4C11AE10CD26,11/10/2019 4:18,1573334280,27.49,51.31,72,80
4C11AE10CD26,11/10/2019 4:21,1573334460,27.48,51.35,72,80
4C11AE10CD26,11/10/2019 4:24,1573334640,27.48,51.35,72,80
4C11AE10CD26,11/10/2019 4:27,1573334820,27.48,51.38,73,81
4C11AE10CD26,11/10/2019 4:30,1573335000,27.48,51.37,73,82
4C11AE10CD26,11/10/2019 4:33,1573335180,27.48,51.42,74,82
4C11AE10CD26,11/10/2019 4:36,1573335360,27.46,51.45,74,82
4C11AE10CD26,11/10/2019 4:39,1573335540,27.26,51.96,72,81
4C11AE10CD26,11/10/2019 4:42,1573335721,27.19,52.17,74,82
4C11AE10CD26,11/10/2019 4:45,1573335901,27.18,52.22,74,83
4C11AE10CD26,11/10/2019 4:48,1573336080,27.16,52.29,74,82
4C11AE10CD26,11/10/2019 4:51,1573336261,27.15,52.33,75,84
4C11AE10CD26,11/10/2019 4:54,1573336440,27.15,52.34,76,85
4C11AE10CD26,11/10/2019 4:57,1573336620,27.15,52.36,75,84
4C11AE10CD26,11/10/2019 5:00,1573336801,27.13,52.37,76,85
4C11AE10CD26,11/10/2019 5:03,1573336981,27.14,52.39,76,85
4C11AE10CD26,11/10/2019 5:06,1573337161,27.12,52.43,77,86
4C11AE10CD26,11/10/2019 5:09,1573337341,27.11,52.46,78,87
4C11AE10CD26,11/10/2019 5:12,1573337520,27.09,52.47,78,87
4C11AE10CD26,11/10/2019 5:15,1573337700,27.09,52.49,78,87
4C11AE10CD26,11/10/2019 5:18,1573337880,27.08,52.52,79,88
4C11AE10CD26,11/10/2019 5:21,1573338060,27.07,52.5,79,88
4C11AE10CD26,11/10/2019 5:24,1573338241,27.07,52.49,80,90
4C11AE10CD26,11/10/2019 5:27,1573338421,27.08,52.49,80,90
4C11AE10CD26,11/10/2019 5:30,1573338601,27.07,52.46,80,89
4C11AE10CD26,11/10/2019 5:33,1573338780,27.06,52.48,81,91
4C11AE10CD26,11/10/2019 5:36,1573338961,27.06,52.49,82,92
4C11AE10CD26,11/10/2019 5:39,1573339140,27.05,52.5,82,92
4C11AE10CD26,11/10/2019 5:42,1573339320,27.05,52.5,82,91
4C11AE10CD26,11/10/2019 5:45,1573339500,27.05,52.52,82,92
4C11AE10CD26,11/10/2019 5:48,1573339681,27.04,52.52,83,94
4C11AE10CD26,11/10/2019 5:51,1573339860,27.04,52.56,83,93
4C11AE10CD26,11/10/2019 5:54,1573340041,27.03,52.56,84,94
4C11AE10CD26,11/10/2019 5:57,1573340220,27.03,52.53,83,93
4C11AE10CD26,11/10/2019 6:00,1573340400,27.04,52.53,85,95
4C11AE10CD26,11/10/2019 6:03,1573340581,27.04,52.53,85,95
4C11AE10CD26,11/10/2019 6:06,1573340761,27.04,52.53,85,95
4C11AE10CD26,11/10/2019 6:09,1573340941,27.04,52.55,86,96
4C11AE10CD26,11/10/2019 6:12,1573341121,27.03,52.57,86,96
4C11AE10CD26,11/10/2019 6:15,1573341301,27.03,52.57,86,96
4C11AE10CD26,11/10/2019 6:18,1573341481,27.04,52.56,86,97
4C11AE10CD26,11/10/2019 6:21,1573341660,27.04,52.57,87,97
4C11AE10CD26,11/10/2019 6:24,1573341840,27.04,52.58,86,97
4C11AE10CD26,11/10/2019 6:27,1573342021,27.05,52.58,86,97
4C11AE10CD26,11/10/2019 6:30,1573342201,27.06,52.56,86,96
4C11AE10CD26,11/10/2019 6:33,1573342381,27.08,52.54,86,97
4C11AE10CD26,11/10/2019 6:36,1573342560,27.1,52.52,85,95
4C11AE10CD26,11/10/2019 6:39,1573342741,27.14,52.49,84,95
4C11AE10CD26,11/10/2019 6:42,1573342921,27.15,52.43,83,94
4C11AE10CD26,11/10/2019 6:45,1573343101,27.16,52.34,82,92
4C11AE10CD26,11/10/2019 6:48,1573343281,27.19,52.2,79,88
4C11AE10CD26,11/10/2019 6:51,1573343460,27.21,52.11,79,89
4C11AE10CD26,11/10/2019 6:54,1573343641,27.23,52.09,78,87
4C11AE10CD26,11/10/2019 6:57,1573343821,27.25,52.02,77,87
4C11AE10CD26,11/10/2019 7:00,1573344001,27.26,51.98,77,87
4C11AE10CD26,11/10/2019 7:03,1573344181,27.28,51.95,78,88
4C11AE10CD26,11/10/2019 7:06,1573344360,27.31,51.9,77,87
4C11AE10CD26,11/10/2019 7:09,1573344540,27.35,51.82,76,85
4C11AE10CD26,11/10/2019 7:12,1573344720,27.4,51.61,75,84
4C11AE10CD26,11/10/2019 7:15,1573344900,27.42,51.47,74,83
4C11AE10CD26,11/10/2019 7:18,1573345081,27.45,51.38,74,83
4C11AE10CD26,11/10/2019 7:21,1573345261,27.48,51.36,76,84
4C11AE10CD26,11/10/2019 7:24,1573345441,27.51,51.31,75,84
4C11AE10CD26,11/10/2019 7:27,1573345621,27.54,51.29,74,83
4C11AE10CD26,11/10/2019 7:30,1573345801,27.56,51.19,73,82
4C11AE10CD26,11/10/2019 7:33,1573345981,27.6,51.11,72,81
4C11AE10CD26,11/10/2019 7:36,1573346160,27.64,51.05,71,80
4C11AE10CD26,11/10/2019 7:39,1573346340,27.68,50.98,71,80
4C11AE10CD26,11/10/2019 7:42,1573346520,27.71,50.89,72,80
4C11AE10CD26,11/10/2019 7:45,1573346700,27.75,50.82,72,81
4C11AE10CD26,11/10/2019 7:48,1573346880,27.79,50.75,72,80
4C11AE10CD26,11/10/2019 7:51,1573347061,27.82,50.7,71,80
4C11AE10CD26,11/10/2019 7:54,1573347241,27.84,50.63,71,79
4C11AE10CD26,11/10/2019 7:57,1573347421,27.89,50.58,71,79
4C11AE10CD26,11/10/2019 8:00,1573347601,27.93,50.49,70,79
4C11AE10CD26,11/10/2019 8:03,1573347781,27.96,50.41,69,77
4C11AE10CD26,11/10/2019 8:06,1573347961,28,50.35,68,76
4C11AE10CD26,11/10/2019 8:09,1573348140,28.04,50.25,68,76
4C11AE10CD26,11/10/2019 8:12,1573348320,28.08,50.17,67,75
4C11AE10CD26,11/10/2019 8:15,1573348500,28.12,50.09,68,76
4C11AE10CD26,11/10/2019 8:18,1573348680,28.17,50.02,68,76
4C11AE10CD26,11/10/2019 8:21,1573348861,28.22,49.92,66,74
4C11AE10CD26,11/10/2019 8:24,1573349041,28.27,49.75,64,72
4C11AE10CD26,11/10/2019 8:27,1573349221,28.29,49.66,63,71
4C11AE10CD26,11/10/2019 8:30,1573349401,28.33,49.52,63,71
4C11AE10CD26,11/10/2019 8:33,1573349581,28.36,49.45,63,70
4C11AE10CD26,11/10/2019 8:36,1573349761,28.4,49.4,63,70
4C11AE10CD26,11/10/2019 8:39,1573349941,28.44,49.34,62,70
4C11AE10CD26,11/10/2019 8:42,1573350121,28.47,49.27,62,70
4C11AE10CD26,11/10/2019 8:45,1573350301,28.51,49.19,62,69
4C11AE10CD26,11/10/2019 8:48,1573350480,28.56,49.11,61,68
4C11AE10CD26,11/10/2019 8:51,1573350661,28.58,49.06,61,68
4C11AE10CD26,11/10/2019 8:54,1573350841,28.62,49.01,61,69
4C11AE10CD26,11/10/2019 8:57,1573351021,28.65,48.98,61,68
4C11AE10CD26,11/10/2019 9:00,1573351201,28.69,48.9,61,68
4C11AE10CD26,11/10/2019 9:03,1573351381,28.73,48.83,60,67
4C11AE10CD26,11/10/2019 9:06,1573351561,28.76,48.78,59,66
4C11AE10CD26,11/10/2019 9:09,1573351740,28.72,48.9,65,73
4C11AE10CD26,11/10/2019 9:12,1573351921,28.55,50.01,78,88
4C11AE10CD26,11/10/2019 9:15,1573352101,28.42,50.74,81,91
4C11AE10CD26,11/10/2019 9:18,1573352280,28.38,51.16,86,97
4C11AE10CD26,11/10/2019 9:21,1573352460,28.34,51.54,88,99
4C11AE10CD26,11/10/2019 9:24,1573352640,28.32,51.58,89,100
4C11AE10CD26,11/10/2019 9:27,1573352820,28.4,51.47,92,103
4C11AE10CD26,11/10/2019 9:30,1573353000,28.47,51.3,91,102
4C11AE10CD26,11/10/2019 9:33,1573353180,28.46,51.29,91,103
4C11AE10CD26,11/10/2019 9:36,1573353360,28.5,51.25,91,103
4C11AE10CD26,11/10/2019 9:39,1573353540,28.48,51.42,92,104
4C11AE10CD26,11/10/2019 9:42,1573353720,28.61,51.26,91,102
4C11AE10CD26,11/10/2019 9:45,1573353900,28.75,50.71,89,99
4C11AE10CD26,11/10/2019 9:48,1573354080,28.79,50.36,88,98
4C11AE10CD26,11/10/2019 9:51,1573354260,28.89,50,85,96
4C11AE10CD26,11/10/2019 9:54,1573354440,28.89,50.02,86,96
4C11AE10CD26,11/10/2019 9:57,1573354620,29.02,49.78,83,93
4C11AE10CD26,11/10/2019 10:00,1573354800,29.12,49.24,81,90
4C11AE10CD26,11/10/2019 10:03,1573354980,29.05,49.48,83,92
4C11AE10CD26,11/10/2019 10:06,1573355160,29.15,49.26,81,90
4C11AE10CD26,11/10/2019 10:09,1573355340,29.14,49.32,82,92
4C11AE10CD26,11/10/2019 10:12,1573355520,29.19,49.22,81,91
4C11AE10CD26,11/10/2019 10:15,1573355700,29.15,49.32,82,92
4C11AE10CD26,11/10/2019 10:18,1573355880,29.24,49.17,79,89
4C11AE10CD26,11/10/2019 10:21,1573356060,29.23,49,80,90
4C11AE10CD26,11/10/2019 10:24,1573356240,29.1,49.25,80,89
4C11AE10CD26,11/10/2019 10:27,1573356420,29.05,49.37,79,88
4C11AE10CD26,11/10/2019 10:30,1573356600,29.09,49.21,77,86
4C11AE10CD26,11/10/2019 10:33,1573356780,29.03,49.07,76,85
4C11AE10CD26,11/10/2019 10:36,1573356960,28.88,49.34,76,85
4C11AE10CD26,11/10/2019 10:39,1573357140,28.91,49.22,74,83
4C11AE10CD26,11/10/2019 10:42,1573357320,28.99,48.85,72,80
4C11AE10CD26,11/10/2019 10:45,1573357500,29.02,48.46,71,79
4C11AE10CD26,11/10/2019 10:48,1573357680,29.11,48.26,68,76
4C11AE10CD26,11/10/2019 10:51,1573357860,29.21,47.94,67,74
4C11AE10CD26,11/10/2019 10:54,1573358040,29.18,47.95,66,74
4C11AE10CD26,11/10/2019 10:57,1573358220,29.31,47.68,64,71
4C11AE10CD26,11/10/2019 11:00,1573358400,29.37,47.39,64,71
4C11AE10CD26,11/10/2019 11:03,1573358580,29.38,47.44,63,70
4C11AE10CD26,11/10/2019 11:06,1573358760,29.28,47.31,64,71
4C11AE10CD26,11/10/2019 11:09,1573358940,29.08,48.03,64,71
4C11AE10CD26,11/10/2019 11:12,1573359120,29.24,47.66,63,70
4C11AE10CD26,11/10/2019 11:15,1573359300,29.35,47.21,61,68
4C11AE10CD26,11/10/2019 11:18,1573359480,29.41,46.81,60,67
4C11AE10CD26,11/10/2019 11:21,1573359660,29.38,46.94,61,68
4C11AE10CD26,11/10/2019 11:24,1573359840,29.28,47.33,60,67
4C11AE10CD26,11/10/2019 11:27,1573360020,29.17,47.56,60,66
4C11AE10CD26,11/10/2019 11:30,1573360200,29.16,47.43,59,66
4C11AE10CD26,11/10/2019 11:33,1573360380,29.44,46.34,55,61
4C11AE10CD26,11/10/2019 11:36,1573360560,29.55,45.97,54,60
4C11AE10CD26,11/10/2019 11:39,1573360740,29.49,45.99,54,60
4C11AE10CD26,11/10/2019 11:42,1573360920,29.29,46.75,56,62
4C11AE10CD26,11/10/2019 11:45,1573361100,29.18,47.09,56,62
4C11AE10CD26,11/10/2019 11:48,1573361280,29.05,47.22,55,61
4C11AE10CD26,11/10/2019 11:51,1573361460,29.01,47.34,54,60
4C11AE10CD26,11/10/2019 11:54,1573361640,29.12,47.09,53,59
4C11AE10CD26,11/10/2019 11:57,1573361820,29.14,46.75,52,58
4C11AE10CD26,11/10/2019 12:00,1573362000,29.27,46.41,51,57
4C11AE10CD26,11/10/2019 12:03,1573362180,29.47,46.24,50,56
4C11AE10CD26,11/10/2019 12:06,1573362360,29.64,45.99,50,55
4C11AE10CD26,11/10/2019 12:09,1573362540,29.73,46.41,49,55
4C11AE10CD26,11/10/2019 12:12,1573362720,29.86,46.39,47,53
4C11AE10CD26,11/10/2019 12:15,1573362900,29.78,45.3,45,50
4C11AE10CD26,11/10/2019 12:18,1573363080,29.38,44.04,44,48
4C11AE10CD26,11/10/2019 12:21,1573363260,28.87,43.29,42,47
4C11AE10CD26,11/10/2019 12:24,1573363440,28.42,42.64,41,46
4C11AE10CD26,11/10/2019 12:27,1573363620,28.19,41.94,39,44
4C11AE10CD26,11/10/2019 12:30,1573363800,27.89,41.61,39,43
4C11AE10CD26,11/10/2019 12:33,1573363980,27.73,41.03,38,41
4C11AE10CD26,11/10/2019 12:36,1573364160,27.56,40.67,36,40
4C11AE10CD26,11/10/2019 12:39,1573364340,27.34,40.48,35,39
4C11AE10CD26,11/10/2019 12:42,1573364520,27.25,40.04,35,38
4C11AE10CD26,11/10/2019 12:45,1573364700,27.08,39.79,33,37
4C11AE10CD26,11/10/2019 12:48,1573364880,27.03,39.3,33,36
4C11AE10CD26,11/10/2019 12:51,1573365060,26.98,38.69,32,35
4C11AE10CD26,11/10/2019 12:54,1573365240,26.88,38.27,31,34
4C11AE10CD26,11/10/2019 12:57,1573365420,26.81,37.94,30,33
4C11AE10CD26,11/10/2019 13:00,1573365600,26.8,37.79,29,32
4C11AE10CD26,11/10/2019 13:03,1573365780,26.99,37.52,29,31
4C11AE10CD26,11/10/2019 13:06,1573365960,27.04,37.24,28,31
4C11AE10CD26,11/10/2019 13:09,1573366140,27.07,36.83,28,31
4C11AE10CD26,11/10/2019 13:12,1573366320,27.06,36.83,27,30
4C11AE10CD26,11/10/2019 13:15,1573366500,27,37.05,27,30
4C11AE10CD26,11/10/2019 13:18,1573366680,26.9,37.16,27,30
4C11AE10CD26,11/10/2019 13:21,1573366860,26.87,37,27,30
4C11AE10CD26,11/10/2019 13:24,1573367040,26.86,36.88,27,30
4C11AE10CD26,11/10/2019 13:27,1573367220,26.8,36.88,27,29
4C11AE10CD26,11/10/2019 13:30,1573367400,26.74,36.8,26,29
4C11AE10CD26,11/10/2019 13:33,1573367580,26.71,36.66,25,28
4C11AE10CD26,11/10/2019 13:36,1573367760,26.67,36.5,25,28
4C11AE10CD26,11/10/2019 13:39,1573367940,26.67,36.09,25,27
4C11AE10CD26,11/10/2019 13:42,1573368120,26.64,36.02,25,27
4C11AE10CD26,11/10/2019 13:45,1573368300,26.57,36.28,25,27
4C11AE10CD26,11/10/2019 13:48,1573368480,26.49,36.37,24,27
4C11AE10CD26,11/10/2019 13:51,1573368660,26.42,36.48,25,27
4C11AE10CD26,11/10/2019 13:54,1573368840,26.4,36.9,25,28
4C11AE10CD26,11/10/2019 13:57,1573369020,26.37,36.87,25,27
4C11AE10CD26,11/10/2019 14:00,1573369200,26.31,36.8,24,27
4C11AE10CD26,11/10/2019 14:03,1573369380,26.3,36.69,24,27
4C11AE10CD26,11/10/2019 14:06,1573369560,26.25,36.57,24,26
4C11AE10CD26,11/10/2019 14:09,1573369740,26.17,36.64,24,26
4C11AE10CD26,11/10/2019 14:12,1573369920,26.14,36.63,24,26
4C11AE10CD26,11/10/2019 14:15,1573370100,26.12,37.12,24,26
4C11AE10CD26,11/10/2019 14:18,1573370280,26.09,37.64,23,26
4C11AE10CD26,11/10/2019 14:21,1573370460,26.1,37.64,24,26
4C11AE10CD26,11/10/2019 14:24,1573370640,26,37.6,24,26
4C11AE10CD26,11/10/2019 14:27,1573370820,25.98,37.46,23,25
4C11AE10CD26,11/10/2019 14:30,1573371000,25.92,37.33,23,25
4C11AE10CD26,11/10/2019 14:33,1573371180,25.76,37.85,23,25
4C11AE10CD26,11/10/2019 14:36,1573371360,25.7,38.52,24,27
4C11AE10CD26,11/10/2019 14:39,1573371540,25.75,38.36,24,26
4C11AE10CD26,11/10/2019 14:42,1573371720,26.05,38.09,24,26
4C11AE10CD26,11/10/2019 14:45,1573371900,26.49,40.38,24,26
4C11AE10CD26,11/10/2019 14:48,1573372080,26.9,42.48,24,26
4C11AE10CD26,11/10/2019 14:51,1573372260,27.4,43.1,23,25
4C11AE10CD26,11/10/2019 14:54,1573372440,27.96,43.03,23,26
4C11AE10CD26,11/10/2019 14:57,1573372620,28.51,42.63,23,25
4C11AE10CD26,11/10/2019 15:00,1573372800,28.94,42.13,23,26
4C11AE10CD26,11/10/2019 15:03,1573372980,29.29,41.41,23,25
4C11AE10CD26,11/10/2019 15:06,1573373160,29.42,40.45,23,25
4C11AE10CD26,11/10/2019 15:09,1573373340,29.42,39.21,22,24
4C11AE10CD26,11/10/2019 15:12,1573373520,29.38,37.91,22,25
4C11AE10CD26,11/10/2019 15:15,1573373700,29.2,37.05,22,25
4C11AE10CD26,11/10/2019 15:18,1573373880,29.03,36.23,22,24
4C11AE10CD26,11/10/2019 15:21,1573374060,28.91,35.77,22,24
4C11AE10CD26,11/10/2019 15:24,1573374240,28.68,35.43,22,24
4C11AE10CD26,11/10/2019 15:27,1573374420,28.35,35.36,22,24
4C11AE10CD26,11/10/2019 15:30,1573374600,28.06,35.58,22,24
4C11AE10CD26,11/10/2019 15:33,1573374780,27.86,36.83,22,24
4C11AE10CD26,11/10/2019 15:36,1573374960,27.8,39.61,22,24
4C11AE10CD26,11/10/2019 15:39,1573375140,27.7,42.19,22,24
4C11AE10CD26,11/10/2019 15:42,1573375320,27.6,43.81,22,24
4C11AE10CD26,11/10/2019 15:45,1573375500,27.61,44.84,23,25
4C11AE10CD26,11/10/2019 15:48,1573375680,27.68,45.52,23,25
4C11AE10CD26,11/10/2019 15:51,1573375860,27.72,45.63,23,25
4C11AE10CD26,11/10/2019 15:54,1573376040,27.75,45.57,24,26
4C11AE10CD26,11/10/2019 15:57,1573376220,27.72,45.43,24,26
4C11AE10CD26,11/10/2019 16:00,1573376400,27.57,44.89,24,26
4C11AE10CD26,11/10/2019 16:03,1573376580,27.33,43.93,25,27
4C11AE10CD26,11/10/2019 16:06,1573376760,26.91,42.86,25,27
4C11AE10CD26,11/10/2019 16:09,1573376940,26.67,42.27,25,27
4C11AE10CD26,11/10/2019 16:12,1573377120,26.59,41.73,25,27
4C11AE10CD26,11/10/2019 16:15,1573377300,26.53,41.54,25,28
4C11AE10CD26,11/10/2019 16:18,1573377480,26.65,43.56,25,28
4C11AE10CD26,11/10/2019 16:21,1573377660,26.78,45.87,26,28
4C11AE10CD26,11/10/2019 16:24,1573377840,26.85,46.98,26,28
4C11AE10CD26,11/10/2019 16:27,1573378020,26.88,47.93,26,29
4C11AE10CD26,11/10/2019 16:30,1573378200,26.97,48.42,26,29
4C11AE10CD26,11/10/2019 16:33,1573378380,27.06,48.35,26,28
4C11AE10CD26,11/10/2019 16:36,1573378560,27.12,48.09,25,28
4C11AE10CD26,11/10/2019 16:39,1573378740,27.14,47.84,25,28
4C11AE10CD26,11/10/2019 16:42,1573378920,27.03,47.22,25,28
4C11AE10CD26,11/10/2019 16:45,1573379100,26.78,46.54,25,28
4C11AE10CD26,11/10/2019 16:48,1573379280,26.53,45.47,25,28
4C11AE10CD26,11/10/2019 16:51,1573379460,26.3,44.58,26,28
4C11AE10CD26,11/10/2019 16:54,1573379640,26.26,46.26,26,29
4C11AE10CD26,11/10/2019 16:57,1573379820,26.36,48.09,26,29
4C11AE10CD26,11/10/2019 17:00,1573380000,26.46,49.09,27,29
4C11AE10CD26,11/10/2019 17:03,1573380180,26.57,49.53,27,29
4C11AE10CD26,11/10/2019 17:06,1573380360,26.66,49.72,27,29
4C11AE10CD26,11/10/2019 17:09,1573380540,26.69,49.56,26,29
4C11AE10CD26,11/10/2019 17:12,1573380720,26.68,49.34,26,29
4C11AE10CD26,11/10/2019 17:15,1573380900,26.59,48.98,25,28
4C11AE10CD26,11/10/2019 17:18,1573381080,26.36,48.17,26,29
4C11AE10CD26,11/10/2019 17:21,1573381260,26.13,47.43,25,28
4C11AE10CD26,11/10/2019 17:24,1573381440,25.89,46.64,25,28
4C11AE10CD26,11/10/2019 17:27,1573381620,25.8,47.63,26,28
4C11AE10CD26,11/10/2019 17:30,1573381800,25.9,49.66,25,28
4C11AE10CD26,11/10/2019 17:33,1573381980,25.99,51,26,29
4C11AE10CD26,11/10/2019 17:36,1573382160,26.09,50.91,26,28
4C11AE10CD26,11/10/2019 17:39,1573382340,26.21,50.78,26,28
4C11AE10CD26,11/10/2019 17:42,1573382520,26.3,50.54,26,28
4C11AE10CD26,11/10/2019 17:45,1573382700,26.37,50.19,25,28
4C11AE10CD26,11/10/2019 17:48,1573382880,26.49,49.7,25,28
4C11AE10CD26,11/10/2019 17:51,1573383060,26.46,49.2,25,28
4C11AE10CD26,11/10/2019 17:54,1573383240,26.18,48.45,26,28
4C11AE10CD26,11/10/2019 17:57,1573383420,25.91,47.47,26,28
4C11AE10CD26,11/10/2019 18:00,1573383600,25.65,46.29,25,28
4C11AE10CD26,11/10/2019 18:03,1573383780,25.58,47.07,25,28
4C11AE10CD26,11/10/2019 18:06,1573383960,25.62,49.58,26,28
4C11AE10CD26,11/10/2019 18:09,1573384140,25.73,51.42,26,29
4C11AE10CD26,11/10/2019 18:12,1573384320,25.91,51.6,26,29
4C11AE10CD26,11/10/2019 18:15,1573384500,26.08,51.37,26,29
4C11AE10CD26,11/10/2019 18:18,1573384680,26.23,51.01,26,29
4C11AE10CD26,11/10/2019 18:21,1573384860,26.37,50.67,27,30
4C11AE10CD26,11/10/2019 18:24,1573385040,26.49,50.32,27,29
4C11AE10CD26,11/10/2019 18:27,1573385220,26.59,50.12,27,30
4C11AE10CD26,11/10/2019 18:30,1573385400,26.67,49.83,27,29
4C11AE10CD26,11/10/2019 18:33,1573385580,26.73,49.62,27,30
4C11AE10CD26,11/10/2019 18:36,1573385760,26.8,49.49,27,30
4C11AE10CD26,11/10/2019 18:39,1573385940,26.82,49.42,27,30
4C11AE10CD26,11/10/2019 18:42,1573386120,26.87,49.34,28,31
4C11AE10CD26,11/10/2019 18:45,1573386300,26.9,49.29,29,31
4C11AE10CD26,11/10/2019 18:48,1573386480,26.93,49.3,29,32
4C11AE10CD26,11/10/2019 18:51,1573386660,26.97,49.24,30,32
4C11AE10CD26,11/10/2019 18:54,1573386840,27,49.21,29,32
4C11AE10CD26,11/10/2019 18:57,1573387020,27.03,49.19,29,32
4C11AE10CD26,11/10/2019 19:00,1573387200,27.05,49.16,30,33
4C11AE10CD26,11/10/2019 19:03,1573387380,27.08,49.15,30,34
4C11AE10CD26,11/10/2019 19:06,1573387560,27.1,49.12,30,34
4C11AE10CD26,11/10/2019 19:09,1573387740,27.13,49.1,30,33
4C11AE10CD26,11/10/2019 19:12,1573387920,27.16,49.02,30,34
4C11AE10CD26,11/10/2019 19:15,1573388100,27.18,48.99,30,34
4C11AE10CD26,11/10/2019 19:18,1573388280,27.21,49.02,30,34
4C11AE10CD26,11/10/2019 19:21,1573388460,27.23,48.97,31,34
4C11AE10CD26,11/10/2019 19:24,1573388640,27.24,48.99,31,34
4C11AE10CD26,11/10/2019 19:27,1573388820,27.15,49.19,31,34
4C11AE10CD26,11/10/2019 19:30,1573389000,27.04,49.56,31,34
4C11AE10CD26,11/10/2019 19:33,1573389180,27.04,49.61,31,34
4C11AE10CD26,11/10/2019 19:36,1573389361,27.05,49.61,32,35
4C11AE10CD26,11/10/2019 19:39,1573389541,27.05,49.65,32,35
4C11AE10CD26,11/10/2019 19:42,1573389721,27.07,49.68,32,35
4C11AE10CD26,11/10/2019 19:45,1573389900,27.08,49.67,32,35
4C11AE10CD26,11/10/2019 19:48,1573390080,27.09,49.64,32,35
4C11AE10CD26,11/10/2019 19:51,1573390261,27.11,49.66,32,35
4C11AE10CD26,11/10/2019 19:54,1573390440,27.12,49.65,32,35
4C11AE10CD26,11/10/2019 19:57,1573390620,27.13,49.69,33,36
4C11AE10CD26,11/10/2019 20:00,1573390800,27.15,49.68,32,36
4C11AE10CD26,11/10/2019 20:03,1573390980,27.15,49.64,33,36
4C11AE10CD26,11/10/2019 20:06,1573391161,27.17,49.63,32,35
4C11AE10CD26,11/10/2019 20:09,1573391341,27.17,49.64,32,35
4C11AE10CD26,11/10/2019 20:12,1573391521,27.17,49.66,33,36
4C11AE10CD26,11/10/2019 20:15,1573391700,27.19,49.64,33,36
4C11AE10CD26,11/10/2019 20:18,1573391880,27.19,49.67,33,36
4C11AE10CD26,11/10/2019 20:21,1573392060,27.21,49.64,33,37
4C11AE10CD26,11/10/2019 20:24,1573392241,27.22,49.64,32,35
4C11AE10CD26,11/10/2019 20:27,1573392421,27.22,49.7,33,36
4C11AE10CD26,11/10/2019 20:30,1573392601,27.22,49.69,33,36
4C11AE10CD26,11/10/2019 20:33,1573392780,27.23,49.71,33,37
4C11AE10CD26,11/10/2019 20:36,1573392961,27.23,49.68,33,36
4C11AE10CD26,11/10/2019 20:39,1573393141,27.23,49.69,33,36
4C11AE10CD26,11/10/2019 20:42,1573393321,27.24,49.69,32,35
4C11AE10CD26,11/10/2019 20:45,1573393501,27.26,49.69,32,36
4C11AE10CD26,11/10/2019 20:48,1573393680,27.25,49.7,33,36
4C11AE10CD26,11/10/2019 20:51,1573393860,27.26,49.72,34,37
4C11AE10CD26,11/10/2019 20:54,1573394040,27.26,49.74,34,37
4C11AE10CD26,11/10/2019 20:57,1573394220,27.27,49.74,33,36
4C11AE10CD26,11/10/2019 21:00,1573394400,27.28,49.71,33,37
4C11AE10CD26,11/10/2019 21:03,1573394581,27.27,49.72,33,37
4C11AE10CD26,11/10/2019 21:06,1573394761,27.29,49.73,33,37
4C11AE10CD26,11/10/2019 21:09,1573394941,27.29,49.73,33,37
4C11AE10CD26,11/10/2019 21:12,1573395120,27.29,49.74,34,37
4C11AE10CD26,11/10/2019 21:15,1573395301,27.29,49.76,33,37
4C11AE10CD26,11/10/2019 21:18,1573395481,27.3,49.77,34,37
4C11AE10CD26,11/10/2019 21:21,1573395661,27.31,49.78,34,37
4C11AE10CD26,11/10/2019 21:24,1573395841,27.31,49.76,34,37
4C11AE10CD26,11/10/2019 21:27,1573396021,27.31,49.77,34,37
4C11AE10CD26,11/10/2019 21:30,1573396201,27.31,49.78,34,37
4C11AE10CD26,11/10/2019 21:33,1573396380,27.31,49.8,33,36
4C11AE10CD26,11/10/2019 21:36,1573396561,27.32,49.8,34,37
4C11AE10CD26,11/10/2019 21:39,1573396741,27.33,49.81,34,37
4C11AE10CD26,11/10/2019 21:42,1573396921,27.33,49.81,34,38
4C11AE10CD26,11/10/2019 21:45,1573397101,27.33,49.82,34,37
4C11AE10CD26,11/10/2019 21:48,1573397281,27.34,49.8,34,38
4C11AE10CD26,11/10/2019 21:51,1573397461,27.34,49.83,34,38
4C11AE10CD26,11/10/2019 21:54,1573397641,27.33,49.82,34,38
4C11AE10CD26,11/10/2019 21:57,1573397821,27.34,49.84,35,38
4C11AE10CD26,11/10/2019 22:00,1573398001,27.34,49.84,34,37
4C11AE10CD26,11/10/2019 22:03,1573398181,27.33,49.88,34,38
4C11AE10CD26,11/10/2019 22:06,1573398360,27.34,49.87,34,37
4C11AE10CD26,11/10/2019 22:09,1573398540,27.34,49.88,34,38
4C11AE10CD26,11/10/2019 22:12,1573398720,27.34,49.86,34,37
4C11AE10CD26,11/10/2019 22:15,1573398901,27.35,49.87,34,37
4C11AE10CD26,11/10/2019 22:18,1573399080,27.34,49.87,34,37
4C11AE10CD26,11/10/2019 22:21,1573399261,27.35,49.87,34,38
4C11AE10CD26,11/10/2019 22:24,1573399440,27.34,49.88,34,38
4C11AE10CD26,11/10/2019 22:27,1573399620,27.35,49.87,34,37
4C11AE10CD26,11/10/2019 22:30,1573399800,27.36,49.86,34,38
4C11AE10CD26,11/10/2019 22:33,1573399981,27.34,49.87,34,38
4C11AE10CD26,11/10/2019 22:36,1573400161,27.35,49.89,34,37
4C11AE10CD26,11/10/2019 22:39,1573400341,27.35,49.89,34,37
4C11AE10CD26,11/10/2019 22:42,1573400520,27.35,49.88,34,37
4C11AE10CD26,11/10/2019 22:45,1573400701,27.36,49.89,34,37
4C11AE10CD26,11/10/2019 22:48,1573400881,27.36,49.89,34,38
4C11AE10CD26,11/10/2019 22:51,1573401061,27.35,49.91,34,38
4C11AE10CD26,11/10/2019 22:54,1573401240,27.34,49.92,34,38
4C11AE10CD26,11/10/2019 22:57,1573401420,27.35,49.9,35,38
4C11AE10CD26,11/10/2019 23:00,1573401601,27.35,49.94,34,38
4C11AE10CD26,11/10/2019 23:03,1573401781,27.35,49.94,35,39
4C11AE10CD26,11/10/2019 23:06,1573401960,27.35,49.95,35,38
4C11AE10CD26,11/10/2019 23:09,1573402140,27.34,49.97,36,39
4C11AE10CD26,11/10/2019 23:12,1573402320,27.36,49.97,35,39
4C11AE10CD26,11/10/2019 23:15,1573402500,27.35,50,36,39
4C11AE10CD26,11/10/2019 23:18,1573402681,27.36,50.05,37,41
4C11AE10CD26,11/10/2019 23:21,1573402861,27.33,50.09,37,41
4C11AE10CD26,11/10/2019 23:24,1573403041,27.33,50.11,38,42
4C11AE10CD26,11/10/2019 23:27,1573403221,27.33,50.15,38,42
4C11AE10CD26,11/10/2019 23:30,1573403401,27.33,50.2,39,43
4C11AE10CD26,11/10/2019 23:33,1573403581,27.34,50.25,40,44
4C11AE10CD26,11/10/2019 23:36,1573403761,27.33,50.31,41,45
4C11AE10CD26,11/10/2019 23:39,1573403941,27.33,50.39,42,46
4C11AE10CD26,11/10/2019 23:42,1573404121,27.31,50.43,43,47
4C11AE10CD26,11/10/2019 23:45,1573404301,27.3,50.5,44,49
4C11AE10CD26,11/10/2019 23:48,1573404481,27.29,50.59,45,50
4C11AE10CD26,11/10/2019 23:51,1573404661,27.29,50.66,46,51
4C11AE10CD26,11/10/2019 23:54,1573404841,27.29,50.71,47,52
4C11AE10CD26,11/10/2019 23:57,1573405020,27.28,50.77,47,52
