4C11AE10CD26,11/24/2019 0:00,1574528400,55.88,70.78,26.35,72.77
4C11AE10CD26,11/24/2019 0:03,1574528580,55.95,72.4,26.34,72.83
4C11AE10CD26,11/24/2019 0:06,1574528761,55.27,71.13,26.36,72.76
4C11AE10CD26,11/24/2019 0:09,1574528940,55.35,71.8,26.36,72.65
4C11AE10CD26,11/24/2019 0:12,1574529121,55.88,71.2,26.37,72.78
4C11AE10CD26,11/24/2019 0:15,1574529301,55.98,71.22,26.37,72.79
4C11AE10CD26,11/24/2019 0:18,1574529480,54.78,69.4,26.36,72.69
4C11AE10CD26,11/24/2019 0:21,1574529660,53.73,69.47,26.36,72.6
4C11AE10CD26,11/24/2019 0:24,1574529840,53.63,68.08,26.37,72.56
4C11AE10CD26,11/24/2019 0:27,1574530020,53.02,68.07,26.37,72.43
4C11AE10CD26,11/24/2019 0:30,1574530201,52.22,64.62,26.37,72.42
4C11AE10CD26,11/24/2019 0:33,1574530381,52.88,67.33,26.36,72.45
4C11AE10CD26,11/24/2019 0:36,1574530561,52.43,64.52,26.37,72.44
4C11AE10CD26,11/24/2019 0:39,1574530741,51.25,64.17,26.36,72.26
4C11AE10CD26,11/24/2019 0:42,1574530921,50.47,62.65,26.37,72.13
4C11AE10CD26,11/24/2019 0:45,1574531101,51.18,61.48,26.38,72.19
4C11AE10CD26,11/24/2019 0:48,1574531280,51.67,63.27,26.38,72.22
4C11AE10CD26,11/24/2019 0:51,1574531460,52.55,65.3,26.36,72.34
4C11AE10CD26,11/24/2019 0:54,1574531641,52.15,64.08,26.38,72.28
4C11AE10CD26,11/24/2019 0:57,1574531821,52.07,62.98,26.37,72.22
4C11AE10CD26,11/24/2019 1:00,1574532001,51.67,64.08,26.37,72.18
4C11AE10CD26,11/24/2019 1:03,1574532181,53.48,67.08,26.37,72.34
4C11AE10CD26,11/24/2019 1:06,1574532361,54.22,65.22,26.37,72.34
4C11AE10CD26,11/24/2019 1:09,1574532540,53.2,66.98,26.37,72.24
4C11AE10CD26,11/24/2019 1:12,1574532720,51.72,62.57,26.36,72.22
4C11AE10CD26,11/24/2019 1:15,1574532901,52.03,62.45,26.36,72.25
4C11AE10CD26,11/24/2019 1:18,1574533080,52.57,63.53,26.38,72.21
4C11AE10CD26,11/24/2019 1:21,1574533261,52.02,61.8,26.39,72.22
4C11AE10CD26,11/24/2019 1:24,1574533440,51.35,62.32,26.37,72.1
4C11AE10CD26,11/24/2019 1:27,1574533620,50.82,60.32,26.38,72
4C11AE10CD26,11/24/2019 1:30,1574533800,50.92,59.55,26.36,72.05
4C11AE10CD26,11/24/2019 1:33,1574533980,51.4,60.75,26.36,72.16
4C11AE10CD26,11/24/2019 1:36,1574534161,50.43,58.12,26.36,72.07
4C11AE10CD26,11/24/2019 1:39,1574534341,49.65,57.68,26.37,72
4C11AE10CD26,11/24/2019 1:42,1574534521,49.28,57.35,26.36,71.99
4C11AE10CD26,11/24/2019 1:45,1574534701,48.87,56.87,26.38,71.93
4C11AE10CD26,11/24/2019 1:48,1574534881,49.77,60.65,26.38,71.97
4C11AE10CD26,11/24/2019 1:51,1574535060,51.37,59.85,26.37,72.11
4C11AE10CD26,11/24/2019 1:54,1574535240,50.72,59.02,26.38,72.07
4C11AE10CD26,11/24/2019 1:57,1574535420,52.02,61.53,26.36,72.21
4C11AE10CD26,11/24/2019 2:00,1574535600,53.02,61.52,26.37,72.32
4C11AE10CD26,11/24/2019 2:03,1574535780,52.4,61.8,26.36,72.36
4C11AE10CD26,11/24/2019 2:06,1574535961,52.05,60.17,26.35,72.33
4C11AE10CD26,11/24/2019 2:09,1574536141,52.58,61.52,26.35,72.42
4C11AE10CD26,11/24/2019 2:12,1574536321,51.93,62.18,26.36,72.37
4C11AE10CD26,11/24/2019 2:15,1574536501,53.5,62.52,26.35,72.45
4C11AE10CD26,11/24/2019 2:18,1574536681,52.03,60.05,26.35,72.44
4C11AE10CD26,11/24/2019 2:21,1574536861,51.57,60.15,26.34,72.35
4C11AE10CD26,11/24/2019 2:24,1574537040,50,58.22,26.35,72.25
4C11AE10CD26,11/24/2019 2:27,1574537221,49.22,56.23,26.35,72.17
4C11AE10CD26,11/24/2019 2:30,1574537400,51.17,60.12,26.35,72.28
4C11AE10CD26,11/24/2019 2:33,1574537580,49.48,56.88,26.36,72.24
4C11AE10CD26,11/24/2019 2:36,1574537760,49.25,56.17,26.35,72.18
4C11AE10CD26,11/24/2019 2:39,1574537940,49.22,56.4,26.35,72.09
4C11AE10CD26,11/24/2019 2:42,1574538120,48.82,55.75,26.36,72.11
4C11AE10CD26,11/24/2019 2:45,1574538300,48.45,54.62,26.36,72.07
4C11AE10CD26,11/24/2019 2:48,1574538480,47.92,54.35,26.36,72.02
4C11AE10CD26,11/24/2019 2:51,1574538660,48.43,55.75,26.36,72.13
4C11AE10CD26,11/24/2019 2:54,1574538840,48.73,55.9,26.36,72.15
4C11AE10CD26,11/24/2019 2:57,1574539020,48.42,55.05,26.35,72.12
4C11AE10CD26,11/24/2019 3:00,1574539200,48.32,54.43,26.35,72.12
4C11AE10CD26,11/24/2019 3:03,1574539380,47.23,53.03,26.35,72.07
4C11AE10CD26,11/24/2019 3:06,1574539560,46.67,52.92,26.35,72.08
4C11AE10CD26,11/24/2019 3:09,1574539740,46.03,52.32,26.36,71.92
4C11AE10CD26,11/24/2019 3:12,1574539921,46.28,52.13,26.37,72.01
4C11AE10CD26,11/24/2019 3:15,1574540101,46.6,53.32,26.37,72.06
4C11AE10CD26,11/24/2019 3:18,1574540281,45.95,51.82,26.37,71.98
4C11AE10CD26,11/24/2019 3:21,1574540461,45.25,51.43,26.38,71.95
4C11AE10CD26,11/24/2019 3:24,1574540641,44.8,51.18,26.37,71.88
4C11AE10CD26,11/24/2019 3:27,1574540821,45.28,51.5,26.37,71.9
4C11AE10CD26,11/24/2019 3:30,1574541001,44.72,50.5,26.36,71.91
4C11AE10CD26,11/24/2019 3:33,1574541181,44.48,50,26.37,71.87
4C11AE10CD26,11/24/2019 3:36,1574541360,44.52,50.27,26.38,71.85
4C11AE10CD26,11/24/2019 3:39,1574541540,43.52,48.88,26.36,71.8
4C11AE10CD26,11/24/2019 3:42,1574541720,42.97,48.15,26.38,71.76
4C11AE10CD26,11/24/2019 3:45,1574541900,43.67,49.22,26.37,71.81
4C11AE10CD26,11/24/2019 3:48,1574542080,43.97,49.2,26.36,71.87
4C11AE10CD26,11/24/2019 3:51,1574542260,44.02,49.32,26.37,71.88
4C11AE10CD26,11/24/2019 3:54,1574542440,43.03,48.25,26.38,71.8
4C11AE10CD26,11/24/2019 3:57,1574542620,42.3,47.32,26.37,71.71
4C11AE10CD26,11/24/2019 4:00,1574542800,42.22,47.17,26.36,71.73
4C11AE10CD26,11/24/2019 4:03,1574542980,43.73,49.3,26.36,71.86
4C11AE10CD26,11/24/2019 4:06,1574543160,43.07,48.75,26.35,71.8
4C11AE10CD26,11/24/2019 4:09,1574543341,42.7,48.17,26.36,71.79
4C11AE10CD26,11/24/2019 4:12,1574543521,42.33,47.53,26.36,71.79
4C11AE10CD26,11/24/2019 4:15,1574543701,42.03,47.03,26.38,71.74
4C11AE10CD26,11/24/2019 4:18,1574543881,42.52,47.67,26.38,71.76
4C11AE10CD26,11/24/2019 4:21,1574544061,42.42,47.8,26.39,71.77
4C11AE10CD26,11/24/2019 4:24,1574544241,42.57,47.8,26.38,71.79
4C11AE10CD26,11/24/2019 4:27,1574544421,42.3,47.27,26.38,71.74
4C11AE10CD26,11/24/2019 4:30,1574544601,41.53,46.48,26.38,71.68
4C11AE10CD26,11/24/2019 4:33,1574544781,42.22,47.17,26.37,71.72
4C11AE10CD26,11/24/2019 4:36,1574544961,41.6,46.57,26.38,71.68
4C11AE10CD26,11/24/2019 4:39,1574545141,41.77,46.75,26.36,71.71
4C11AE10CD26,11/24/2019 4:42,1574545321,41.17,46.1,26.37,71.64
4C11AE10CD26,11/24/2019 4:45,1574545501,41.07,45.97,26.38,71.66
4C11AE10CD26,11/24/2019 4:48,1574545681,40.37,45.12,26.36,71.64
4C11AE10CD26,11/24/2019 4:51,1574545861,41.67,46.65,26.37,71.74
4C11AE10CD26,11/24/2019 4:54,1574546041,40.82,45.62,26.36,71.64
4C11AE10CD26,11/24/2019 4:57,1574546221,39.68,44.32,26.36,71.58
4C11AE10CD26,11/24/2019 5:00,1574546401,40.45,45.17,26.35,71.62
4C11AE10CD26,11/24/2019 5:03,1574546581,40.95,45.77,26.36,71.64
4C11AE10CD26,11/24/2019 5:06,1574546761,40.42,45.15,26.37,71.6
4C11AE10CD26,11/24/2019 5:09,1574546940,41.33,46.2,26.38,71.62
4C11AE10CD26,11/24/2019 5:12,1574547120,41.32,46.43,26.37,71.61
4C11AE10CD26,11/24/2019 5:15,1574547300,41.35,46.33,26.37,71.65
4C11AE10CD26,11/24/2019 5:18,1574547480,40.85,45.9,26.37,71.58
4C11AE10CD26,11/24/2019 5:21,1574547661,40.18,44.85,26.37,71.51
4C11AE10CD26,11/24/2019 5:24,1574547841,39.92,44.65,26.38,71.52
4C11AE10CD26,11/24/2019 5:27,1574548021,39.45,44.13,26.38,71.45
4C11AE10CD26,11/24/2019 5:30,1574548200,38.63,43.2,26.38,71.35
4C11AE10CD26,11/24/2019 5:33,1574548380,38.78,43.18,26.37,71.42
4C11AE10CD26,11/24/2019 5:36,1574548560,37.93,42.45,26.37,71.33
4C11AE10CD26,11/24/2019 5:39,1574548740,36.95,41.2,26.37,71.25
4C11AE10CD26,11/24/2019 5:42,1574548920,36.52,40.72,26.38,71.19
4C11AE10CD26,11/24/2019 5:45,1574549100,36.45,40.67,26.39,71.16
4C11AE10CD26,11/24/2019 5:48,1574549280,35.87,40.13,26.39,71.07
4C11AE10CD26,11/24/2019 5:51,1574549460,35.4,39.4,26.38,71.07
4C11AE10CD26,11/24/2019 5:54,1574549640,35.07,39.03,26.38,71.02
4C11AE10CD26,11/24/2019 5:57,1574549821,34.57,38.5,26.39,70.99
4C11AE10CD26,11/24/2019 6:00,1574550000,34.1,37.93,26.39,70.96
4C11AE10CD26,11/24/2019 6:03,1574550180,34.35,38.22,26.38,70.95
4C11AE10CD26,11/24/2019 6:06,1574550360,35.02,38.98,26.38,70.96
4C11AE10CD26,11/24/2019 6:09,1574550540,36.03,40.18,26.37,71.07
4C11AE10CD26,11/24/2019 6:12,1574550720,37.18,41.52,26.37,71.13
4C11AE10CD26,11/24/2019 6:15,1574550900,38.38,42.97,26.36,71.23
4C11AE10CD26,11/24/2019 6:18,1574551080,38.1,42.47,26.37,71.24
4C11AE10CD26,11/24/2019 6:21,1574551260,38.1,42.52,26.36,71.21
4C11AE10CD26,11/24/2019 6:24,1574551440,37.68,42.02,26.37,71.18
4C11AE10CD26,11/24/2019 6:27,1574551621,38.17,42.55,26.37,71.25
4C11AE10CD26,11/24/2019 6:30,1574551801,38.55,43.05,26.36,71.26
4C11AE10CD26,11/24/2019 6:33,1574551981,38.3,42.7,26.37,71.26
4C11AE10CD26,11/24/2019 6:36,1574552161,38.18,42.6,26.36,71.24
4C11AE10CD26,11/24/2019 6:39,1574552340,40.68,45.8,26.38,71.46
4C11AE10CD26,11/24/2019 6:42,1574552521,38.95,43.4,26.38,71.33
4C11AE10CD26,11/24/2019 6:45,1574552701,39.28,43.83,26.38,71.33
4C11AE10CD26,11/24/2019 6:48,1574552880,38.4,42.92,26.38,71.34
4C11AE10CD26,11/24/2019 6:51,1574553060,40.85,45.6,26.38,71.46
4C11AE10CD26,11/24/2019 6:54,1574553241,41.22,46.12,26.38,71.52
4C11AE10CD26,11/24/2019 6:57,1574553421,41.62,46.53,26.37,71.55
4C11AE10CD26,11/24/2019 7:00,1574553601,41.32,46.2,26.38,71.57
4C11AE10CD26,11/24/2019 7:03,1574553780,41.15,46.25,26.38,71.56
4C11AE10CD26,11/24/2019 7:06,1574553960,43.13,48.17,26.37,71.69
4C11AE10CD26,11/24/2019 7:09,1574554140,42.68,47.75,26.37,71.69
4C11AE10CD26,11/24/2019 7:12,1574554320,43.15,48.2,26.39,71.72
4C11AE10CD26,11/24/2019 7:15,1574554500,43.62,48.8,26.38,71.8
4C11AE10CD26,11/24/2019 7:18,1574554680,43.72,48.95,26.38,71.86
4C11AE10CD26,11/24/2019 7:21,1574554860,43.7,49.67,26.38,71.9
4C11AE10CD26,11/24/2019 7:24,1574555041,43.17,49.13,26.4,71.85
4C11AE10CD26,11/24/2019 7:27,1574555221,41.6,46.58,26.39,71.73
4C11AE10CD26,11/24/2019 7:30,1574555400,42.62,47.67,26.4,71.8
4C11AE10CD26,11/24/2019 7:33,1574555580,43.15,49,26.4,71.89
4C11AE10CD26,11/24/2019 7:36,1574555760,42.75,48.17,26.4,71.88
4C11AE10CD26,11/24/2019 7:39,1574555940,42.03,47.77,26.41,71.85
4C11AE10CD26,11/24/2019 7:42,1574556120,42.4,48.3,26.41,71.83
4C11AE10CD26,11/24/2019 7:45,1574556300,42.5,47.93,26.42,71.88
4C11AE10CD26,11/24/2019 7:48,1574556481,42.2,47.57,26.42,71.87
4C11AE10CD26,11/24/2019 7:51,1574556661,42.88,48.07,26.42,71.93
4C11AE10CD26,11/24/2019 7:54,1574556841,42.78,47.92,26.44,71.93
4C11AE10CD26,11/24/2019 7:57,1574557021,43.27,49.47,26.43,71.93
4C11AE10CD26,11/24/2019 8:00,1574557201,41.05,46.63,26.44,71.72
4C11AE10CD26,11/24/2019 8:03,1574557381,42.85,48.25,26.44,71.87
4C11AE10CD26,11/24/2019 8:06,1574557561,41.8,47.07,26.45,71.7
4C11AE10CD26,11/24/2019 8:09,1574557741,42.1,47.5,26.46,71.84
4C11AE10CD26,11/24/2019 8:12,1574557920,41.97,47.15,26.46,71.72
4C11AE10CD26,11/24/2019 8:15,1574558100,41.03,47.58,26.47,71.6
4C11AE10CD26,11/24/2019 8:18,1574558280,40.93,46.6,26.47,71.58
4C11AE10CD26,11/24/2019 8:21,1574558461,40.2,45.17,26.48,71.48
4C11AE10CD26,11/24/2019 8:24,1574558641,39.9,45.35,26.5,71.4
4C11AE10CD26,11/24/2019 8:27,1574558820,39.53,44.65,26.52,71.31
4C11AE10CD26,11/24/2019 8:30,1574559000,39.17,44.05,26.54,71.29
4C11AE10CD26,11/24/2019 8:33,1574559180,38.05,43.53,26.56,71.18
4C11AE10CD26,11/24/2019 8:36,1574559361,38.11,43.51,26.59,71.03
4C11AE10CD26,11/24/2019 8:39,1574559542,38.1,42.75,26.61,70.91
4C11AE10CD26,11/24/2019 8:42,1574559720,37.43,42.9,26.65,70.84
4C11AE10CD26,11/24/2019 8:45,1574559900,36.25,40.53,26.67,70.71
4C11AE10CD26,11/24/2019 8:48,1574560081,36.37,40.87,26.69,70.62
4C11AE10CD26,11/24/2019 8:51,1574560261,35.58,39.95,26.73,70.52
4C11AE10CD26,11/24/2019 8:54,1574560440,35.68,40.12,26.76,70.48
4C11AE10CD26,11/24/2019 8:57,1574560620,35,39.88,26.79,70.35
4C11AE10CD26,11/24/2019 9:00,1574560801,35,39.53,26.82,70.31
4C11AE10CD26,11/24/2019 9:03,1574560980,35.05,40.28,26.84,70.27
4C11AE10CD26,11/24/2019 9:06,1574561161,34.98,39.8,26.87,70.23
4C11AE10CD26,11/24/2019 9:09,1574561341,34.55,38.92,26.89,70.18
4C11AE10CD26,11/24/2019 9:12,1574561520,34.2,38.72,26.92,70.17
4C11AE10CD26,11/24/2019 9:15,1574561700,33.95,38.95,26.94,70.19
4C11AE10CD26,11/24/2019 9:18,1574561881,33.62,38.43,26.98,70.07
4C11AE10CD26,11/24/2019 9:21,1574562061,33.37,38.27,27,70.02
4C11AE10CD26,11/24/2019 9:24,1574562241,40.73,51.63,26.91,70.59
4C11AE10CD26,11/24/2019 9:27,1574562420,54.87,73.31,26.61,72.48
4C11AE10CD26,11/24/2019 9:30,1574562600,57.43,77.13,26.53,72.83
4C11AE10CD26,11/24/2019 9:33,1574562780,53.69,73.46,26.7,71.88
4C11AE10CD26,11/24/2019 9:36,1574562960,48.35,65.97,26.68,71.06
4C11AE10CD26,11/24/2019 9:39,1574563140,41.08,56.27,26.75,69.64
4C11AE10CD26,11/24/2019 9:42,1574563320,36.25,52,26.63,68.92
4C11AE10CD26,11/24/2019 9:45,1574563500,34.19,45.83,26.46,68.95
4C11AE10CD26,11/24/2019 9:48,1574563680,36.63,50.47,26.53,69.36
4C11AE10CD26,11/24/2019 9:51,1574563860,37.42,50.93,26.75,68.95
4C11AE10CD26,11/24/2019 9:54,1574564040,40.3,55.12,26.96,68.85
4C11AE10CD26,11/24/2019 9:57,1574564220,41.57,53.94,26.97,68.5
4C11AE10CD26,11/24/2019 10:00,1574564400,41.8,55.22,26.8,68.51
4C11AE10CD26,11/24/2019 10:03,1574564580,39.07,56.05,26.92,68.33
4C11AE10CD26,11/24/2019 10:06,1574564760,39.37,57.62,27.11,68.01
4C11AE10CD26,11/24/2019 10:09,1574564940,42.88,58.28,27.18,68.08
4C11AE10CD26,11/24/2019 10:12,1574565120,41.42,59.02,27.13,67.56
4C11AE10CD26,11/24/2019 10:15,1574565300,34.05,49.09,27.1,66.17
4C11AE10CD26,11/24/2019 10:18,1574565480,32.81,46.81,27.22,66.18
4C11AE10CD26,11/24/2019 10:21,1574565660,32.32,49.85,27.27,65.7
4C11AE10CD26,11/24/2019 10:24,1574565840,33.22,51.08,27.36,65.6
4C11AE10CD26,11/24/2019 10:27,1574566020,33.87,51.9,27.49,65.62
4C11AE10CD26,11/24/2019 10:30,1574566200,33.46,53.6,27.68,65.2
4C11AE10CD26,11/24/2019 10:33,1574566380,30.96,46.12,27.77,64.2
4C11AE10CD26,11/24/2019 10:36,1574566560,27.73,43.55,27.75,63.65
4C11AE10CD26,11/24/2019 10:39,1574566740,26.38,45.17,28.04,62.87
4C11AE10CD26,11/24/2019 10:42,1574566920,24.48,40.57,28.06,62.08
4C11AE10CD26,11/24/2019 10:45,1574567100,23.32,37.8,28.1,61.66
4C11AE10CD26,11/24/2019 10:48,1574567280,22.17,34.43,28.07,61.54
4C11AE10CD26,11/24/2019 10:51,1574567460,20.91,32.52,27.93,61.74
4C11AE10CD26,11/24/2019 10:54,1574567640,21.27,34.17,28.05,61.87
4C11AE10CD26,11/24/2019 10:57,1574567820,21.3,31.58,28.15,61.92
4C11AE10CD26,11/24/2019 11:00,1574568000,22.23,34.03,28.06,62.37
4C11AE10CD26,11/24/2019 11:03,1574568180,23.07,35.32,27.96,63.01
4C11AE10CD26,11/24/2019 11:06,1574568360,23.72,36.57,27.95,63.28
4C11AE10CD26,11/24/2019 11:09,1574568540,24.04,35.11,28.06,63.14
4C11AE10CD26,11/24/2019 11:12,1574568720,24.65,37.18,28.06,63.26
4C11AE10CD26,11/24/2019 11:15,1574568900,23.93,36.87,28.05,63.35
4C11AE10BE14,11/24/2019 11:43,1574570580,47.58,68.58,27.82,58.16
4C11AE10BE14,11/24/2019 11:46,1574570760,46.32,65.52,27.83,56.2
4C11AE10BE14,11/24/2019 11:49,1574570940,46.6,61.93,27.73,55.25
4C11AE10BE14,11/24/2019 11:52,1574571120,46.98,60.63,27.73,53.8
4C11AE10BE14,11/24/2019 11:55,1574571300,48.85,66.9,27.65,53.52
4C11AE10BE14,11/24/2019 11:58,1574571480,50.98,66.32,27.47,53.02
4C11AE10BE14,11/24/2019 12:01,1574571660,50.8,64.63,27.29,52.78
4C11AE10BE14,11/24/2019 12:04,1574571840,51.05,65.62,27.24,52.35
4C11AE10BE14,11/24/2019 12:07,1574572020,54.48,73.95,27.17,51.72
4C11AE10BE14,11/24/2019 12:10,1574572200,55.18,72.07,27.13,51.18
4C11AE10BE14,11/24/2019 12:13,1574572380,54.7,71.87,27.05,50.92
4C11AE10BE14,11/24/2019 12:16,1574572560,53.07,68.22,27.06,50.94
4C11AE10BE14,11/24/2019 12:19,1574572740,52.62,69.7,27.07,50.8
4C11AE10BE14,11/24/2019 12:22,1574572920,52.45,70.48,27.09,50.61
4C11AE10BE14,11/24/2019 12:25,1574573100,58.32,81.9,26.99,50.15
4C11AE10BE14,11/24/2019 12:28,1574573280,58.78,83.07,26.92,49.82
4C11AE10BE14,11/24/2019 12:31,1574573460,83.53,199.43,26.9,49.66
4C11AE10BE14,11/24/2019 12:34,1574573640,99.85,275.2,26.87,49.75
4C11AE10BE14,11/24/2019 12:37,1574573820,93.73,251.65,26.82,49.37
4C11AE10BE14,11/24/2019 12:40,1574574000,87.15,222.62,26.81,49.19
4C11AE10BE14,11/24/2019 12:43,1574574180,82.87,195.8,26.85,49.12
4C11AE10BE14,11/24/2019 12:46,1574574360,82.5,193.55,26.73,49.22
4C11AE10BE14,11/24/2019 12:49,1574574540,87.53,207.32,26.73,49.42
4C11AE10BE14,11/24/2019 12:52,1574574720,86.07,194.57,26.77,49.56
4C11AE10BE14,11/24/2019 12:55,1574574900,81.2,171.67,26.8,49.98
4C11AE10BE14,11/24/2019 12:58,1574575080,76.97,154.05,26.74,49.5
4C11AE10BE14,11/24/2019 13:01,1574575260,73.42,140.15,26.65,49.32
4C11AE10BE14,11/24/2019 13:04,1574575440,72.52,135.15,26.69,49.23
4C11AE10BE14,11/24/2019 13:07,1574575620,70.95,125.58,26.68,49.28
4C11AE10BE14,11/24/2019 13:10,1574575800,66.73,118.27,26.72,49.5
4C11AE10BE14,11/24/2019 13:13,1574575980,64.05,105.93,26.55,49.63
4C11AE10BE14,11/24/2019 13:16,1574576160,62.35,98.87,26.48,49.53
4C11AE10BE14,11/24/2019 13:19,1574576340,60.7,95.1,26.5,49.73
4C11AE10BE14,11/24/2019 13:22,1574576520,59.88,90.5,26.3,49.85
4C11AE10BE14,11/24/2019 13:25,1574576700,59.37,91.42,26.27,50.28
4C11AE10BE14,11/24/2019 13:28,1574576880,59.3,92.27,26.23,50.48
4C11AE10BE14,11/24/2019 13:31,1574577060,67.25,108.82,26.16,50.65
4C11AE10BE14,11/24/2019 13:34,1574577240,67.57,110.02,26.08,50.95
4C11AE10BE14,11/24/2019 13:37,1574577420,65.6,102.22,26.22,51.25
4C11AE10BE14,11/24/2019 13:40,1574577600,63.97,99.05,26.12,51.43
4C11AE10BE14,11/24/2019 13:43,1574577787,62.53,91.48,26.07,51.61
4C11AE10BE14,11/24/2019 13:46,1574577960,60.73,86.52,26.14,51.5
4C11AE10BE14,11/24/2019 13:49,1574578140,60.08,82.5,26.21,51.71
4C11AE10BE14,11/24/2019 13:52,1574578320,60.75,81.82,26.15,52.14
4C11AE10BE14,11/24/2019 13:55,1574578500,59.47,82.92,26.29,52.81
4C11AE10BE14,11/24/2019 13:58,1574578680,58.7,81.27,26.33,52.7
4C11AE10BE14,11/24/2019 14:01,1574578860,60.32,79.8,26.27,53.18
4C11AE10BE14,11/24/2019 14:04,1574579040,63.27,85.37,26.37,53.27
4C11AE10BE14,11/24/2019 14:07,1574579220,63.03,82.93,26.42,53.29
4C11AE10BE14,11/24/2019 14:10,1574579400,62.67,84.3,26.46,53.28
4C11AE10BE14,11/24/2019 14:13,1574579580,60.78,79,26.49,53.34
4C11AE10BE14,11/24/2019 14:16,1574579760,61.22,80.75,26.58,53.43
4C11AE10BE14,11/24/2019 14:19,1574579940,61.25,76.8,26.65,53.13
4C11AE10BE14,11/24/2019 14:22,1574580120,61.17,74.37,26.61,52.9
4C11AE10BE14,11/24/2019 14:25,1574580300,61.77,75.87,26.67,52.35
4C11AE10BE14,11/24/2019 14:28,1574580480,61.12,74.9,26.55,51.64
4C11AE10BE14,11/24/2019 14:31,1574580660,60.77,72.23,26.61,50.93
4C11AE10BE14,11/24/2019 14:34,1574580840,61.25,74.45,26.59,50.68
4C11AE10BE14,11/24/2019 14:37,1574581020,61.03,72.7,26.53,50.76
4C11AE10BE14,11/24/2019 14:40,1574581200,62.42,75.57,26.54,50.94
4C11AE10BE14,11/24/2019 14:43,1574581380,61.82,74.75,26.58,50.95
4C11AE10BE14,11/24/2019 14:46,1574581560,61.93,71.92,26.51,50.9
4C11AE10BE14,11/24/2019 14:49,1574581740,63.42,74.53,26.5,50.96
4C11AE10BE14,11/24/2019 14:52,1574581920,63.33,75.4,26.43,51.15
4C11AE10BE14,11/24/2019 14:55,1574582100,62.58,73.02,26.43,50.72
4C11AE10BE14,11/24/2019 14:58,1574582280,63,73.63,26.41,50.3
4C11AE10BE14,11/24/2019 15:01,1574582460,61.9,69.87,26.33,50.16
4C11AE10BE14,11/24/2019 15:04,1574582640,61.33,69.42,26.2,49.83
4C11AE10BE14,11/24/2019 15:07,1574582820,62.55,70.37,26.23,50.87
4C11AE10BE14,11/24/2019 15:10,1574583000,62.33,72.65,26.36,53.71
4C11AE10BE14,11/24/2019 15:13,1574583180,63.05,73.62,26.5,54.98
4C11AE10BE14,11/24/2019 15:16,1574583360,62.55,73.47,26.53,56.16
4C11AE10BE14,11/24/2019 15:19,1574583540,58.82,68.24,26.63,57.38
4C11AE10BE14,11/24/2019 15:22,1574583720,63.4,72.48,26.55,58.66
4C11AE10BE14,11/24/2019 15:25,1574583904,63.42,72.55,26.59,59.37
4C11AE10BE14,11/24/2019 15:28,1574584080,63.83,71.9,26.65,59.6
4C11AE10BE14,11/24/2019 15:31,1574584260,63.38,71.68,26.62,59.67
4C11AE10BE14,11/24/2019 15:34,1574584440,63.1,70.68,26.58,59.33
4C11AE10BE14,11/24/2019 15:37,1574584620,62.75,71.03,26.46,58.78
4C11AE10BE14,11/24/2019 15:40,1574584800,61.02,68.63,26.26,57.91
4C11AE10BE14,11/24/2019 15:43,1574584980,61.77,70.35,26.14,56.85
4C11AE10BE14,11/24/2019 15:46,1574585160,60.82,69.17,26.28,57.75
4C11AE10BE14,11/24/2019 15:49,1574585340,60.43,69.72,26.5,60.02
4C11AE10BE14,11/24/2019 15:52,1574585520,62.38,71.97,26.52,61.2
4C11AE10BE14,11/24/2019 15:55,1574585700,62,73.27,26.54,61.93
4C11AE10BE14,11/24/2019 15:58,1574585880,62.65,74.87,26.57,62.25
4C11AE10BE14,11/24/2019 16:01,1574586060,62.23,74.22,26.63,62.22
4C11AE10BE14,11/24/2019 16:04,1574586240,61.8,71.22,26.68,62.12
4C11AE10BE14,11/24/2019 16:07,1574586420,61.37,73.78,26.68,61.88
4C11AE10BE14,11/24/2019 16:10,1574586600,59.98,69.38,26.65,61.55
4C11AE10BE14,11/24/2019 16:13,1574586780,59.83,68.58,26.61,60.96
4C11AE10BE14,11/24/2019 16:16,1574586960,59.83,70.52,26.58,61.02
4C11AE10BE14,11/24/2019 16:19,1574587140,62.05,73.22,26.58,66.91
4C11AE10BE14,11/24/2019 16:22,1574587320,61.3,71.6,26.57,65.92
4C11AE10BE14,11/24/2019 16:25,1574587500,60.93,70.05,26.55,65.59
4C11AE10BE14,11/24/2019 16:28,1574587680,60.28,74.2,26.53,65.97
4C11AE10BE14,11/24/2019 16:31,1574587860,60.4,74.08,26.53,65.34
4C11AE10BE14,11/24/2019 16:34,1574588040,59.3,71.58,26.46,64.65
4C11AE10BE14,11/24/2019 16:37,1574588220,59.33,72.43,26.25,63.93
4C11AE10BE14,11/24/2019 16:40,1574588400,59.38,76.43,26.34,64.59
4C11AE10BE14,11/24/2019 16:43,1574588580,59.85,73.32,26.49,65.52
4C11AE10BE14,11/24/2019 16:46,1574588760,61.52,75.52,26.57,66.18
4C11AE10BE14,11/24/2019 16:49,1574588940,62.55,74.75,26.55,65.42
4C11AE10BE14,11/24/2019 16:52,1574589120,62.63,76.13,26.54,65.1
4C11AE10BE14,11/24/2019 16:55,1574589300,63.58,74.75,26.54,64.7
4C11AE10BE14,11/24/2019 16:58,1574589480,63.17,73.63,26.55,64.35
4C11AE10BE14,11/24/2019 17:01,1574589660,62.3,73.8,26.55,64.02
4C11AE10BE14,11/24/2019 17:04,1574589840,61.38,71.12,26.54,63.63
4C11AE10BE14,11/24/2019 17:07,1574590020,61.07,71.02,26.5,63.56
4C11AE10BE14,11/24/2019 17:10,1574590200,61,70.53,26.47,63.37
4C11AE10BE14,11/24/2019 17:13,1574590380,62.2,72.08,26.51,63.38
4C11AE10BE14,11/24/2019 17:16,1574590560,62.65,74.32,26.46,63.45
4C11AE10BE14,11/24/2019 17:19,1574590740,63.63,74.25,26.47,63.6
4C11AE10BE14,11/24/2019 17:22,1574590920,62.45,73.07,26.48,63.71
4C11AE10BE14,11/24/2019 17:25,1574591100,62.83,73.07,26.55,63.66
4C11AE10BE14,11/24/2019 17:28,1574591280,62.32,72.13,26.57,63.76
4C11AE10BE14,11/24/2019 17:31,1574591460,62.75,72.72,26.59,63.7
4C11AE10BE14,11/24/2019 17:34,1574591640,62.27,73.55,26.59,63.8
4C11AE10BE14,11/24/2019 17:37,1574591820,62.75,72.67,26.62,63.73
4C11AE10BE14,11/24/2019 17:40,1574592000,62.83,73.3,26.59,63.86
4C11AE10BE14,11/24/2019 17:43,1574592180,62.55,73.4,26.61,63.95
4C11AE10BE14,11/24/2019 17:46,1574592360,63.02,74.7,26.66,63.78
4C11AE10BE14,11/24/2019 17:49,1574592540,61.88,72.1,26.65,63.84
4C11AE10BE14,11/24/2019 17:52,1574592720,61.65,72.68,26.66,63.82
4C11AE10BE14,11/24/2019 17:55,1574592900,61.6,72.42,26.67,63.78
4C11AE10BE14,11/24/2019 17:58,1574593080,60.72,72.98,26.67,63.84
4C11AE10BE14,11/24/2019 18:01,1574593260,60.82,72.07,26.69,63.8
4C11AE10BE14,11/24/2019 18:04,1574593440,59.88,71.72,26.7,63.72
4C11AE10BE14,11/24/2019 18:07,1574593620,59.97,72.52,26.74,63.67
4C11AE10BE14,11/24/2019 18:10,1574593800,59.83,71,26.73,63.7
4C11AE10BE14,11/24/2019 18:13,1574593980,58.58,68.77,26.75,63.64
4C11AE10BE14,11/24/2019 18:16,1574594160,58.4,68.83,26.75,63.61
4C11AE10BE14,11/24/2019 18:19,1574594340,58.53,69.03,26.81,63.59
4C11AE10BE14,11/24/2019 18:22,1574594520,59.3,70.08,26.9,63.56
4C11AE10BE14,11/24/2019 18:25,1574594700,58.92,68.22,26.94,63.59
4C11AE10BE14,11/24/2019 18:28,1574594880,58.57,71.73,26.96,63.63
4C11AE10BE14,11/24/2019 18:31,1574595060,57.82,69.15,27.04,63.53
4C11AE10BE14,11/24/2019 18:34,1574595240,58.53,70.73,27.08,63.62
4C11AE10BE14,11/24/2019 18:37,1574595420,58.67,71.6,27.1,63.78
4C11AE10BE14,11/24/2019 18:40,1574595600,58.72,69.65,27.1,63.93
4C11AE10BE14,11/24/2019 18:43,1574595780,57.42,70.08,27.14,63.93
4C11AE10BE14,11/24/2019 18:46,1574595960,57.67,70.08,27.14,63.97
4C11AE10BE14,11/24/2019 18:49,1574596140,58.47,73.53,27.16,64.07
4C11AE10BE14,11/24/2019 18:52,1574596320,58.32,70.77,27.2,64.04
4C11AE10BE14,11/24/2019 18:55,1574596500,58.57,72.28,27.25,64.02
4C11AE10BE14,11/24/2019 18:58,1574596680,58.62,72.97,27.24,64.19
4C11AE10BE14,11/24/2019 19:01,1574596860,57.9,71.72,27.25,64.3
4C11AE10BE14,11/24/2019 19:04,1574597040,58.13,74.22,27.25,64.47
4C11AE10BE14,11/24/2019 19:07,1574597220,57.58,73.97,27.26,64.69
4C11AE10BE14,11/24/2019 19:10,1574597400,56.4,73.55,27.28,64.81
4C11AE10BE14,11/24/2019 19:13,1574597580,56.92,74.35,27.35,64.68
4C11AE10BE14,11/24/2019 19:16,1574597760,57.37,74.65,27.39,64.65
4C11AE10BE14,11/24/2019 19:19,1574597940,57.02,75.08,27.34,64.9
4C11AE10BE14,11/24/2019 19:22,1574598120,57.75,76.2,27.35,64.92
4C11AE10BE14,11/24/2019 19:25,1574598300,57.52,74.65,27.37,64.93
4C11AE10BE14,11/24/2019 19:28,1574598480,56.55,75.85,27.36,65.02
4C11AE10BE14,11/24/2019 19:31,1574598661,57.28,74.5,27.41,65
4C11AE10BE14,11/24/2019 19:34,1574598841,56.82,73.58,27.4,65.13
4C11AE10BE14,11/24/2019 19:37,1574599021,53.67,72.47,27.4,65.31
4C11AE10BE14,11/24/2019 19:40,1574599200,52.98,72.62,27.39,65.38
4C11AE10BE14,11/24/2019 19:43,1574599381,52.78,71.77,27.46,65.34
4C11AE10BE14,11/24/2019 19:46,1574599561,52.95,70.68,27.4,65.61
4C11AE10BE14,11/24/2019 19:49,1574599741,52.83,72.62,27.33,65.94
4C11AE10BE14,11/24/2019 19:52,1574599920,52.12,72.03,27.31,66.05
4C11AE10BE14,11/24/2019 19:55,1574600100,52.45,71.72,27.27,66.24
4C11AE10BE14,11/24/2019 19:58,1574600281,52.13,72.03,27.31,66.31
4C11AE10BE14,11/24/2019 20:01,1574600461,50.9,71.57,27.26,66.46
4C11AE10BE14,11/24/2019 20:04,1574600640,51.42,71.87,27.21,66.62
4C11AE10BE14,11/24/2019 20:07,1574600821,51.25,72.5,27.17,66.87
4C11AE10BE14,11/24/2019 20:10,1574601000,50.98,70.2,27.16,66.91
4C11AE10BE14,11/24/2019 20:13,1574601180,50.17,70.15,27.15,66.99
4C11AE10BE14,11/24/2019 20:16,1574601360,49.43,68.33,27.16,67.04
4C11AE10BE14,11/24/2019 20:19,1574601540,49.73,70.8,27.11,67.18
4C11AE10BE14,11/24/2019 20:22,1574601721,48.6,68.82,27.08,67.43
4C11AE10BE14,11/24/2019 20:25,1574601901,48.17,66.08,27.06,67.45
4C11AE10BE14,11/24/2019 20:28,1574602080,48.4,66.85,27.08,67.32
4C11AE10BE14,11/24/2019 20:31,1574602260,49.22,68.35,27.09,67.21
4C11AE10BE14,11/24/2019 20:34,1574602440,47.82,62.1,27.08,67.27
4C11AE10BE14,11/24/2019 20:37,1574602621,48.13,64.17,27.06,67.27
4C11AE10BE14,11/24/2019 20:40,1574602801,47.3,61.88,27.07,67.17
4C11AE10BE14,11/24/2019 20:43,1574602981,47.08,63.58,27.07,67.21
4C11AE10BE14,11/24/2019 20:46,1574603161,46.4,60.45,27.05,67.16
4C11AE10BE14,11/24/2019 20:49,1574603340,45.28,60.15,27.05,67.16
4C11AE10BE14,11/24/2019 20:52,1574603520,45.2,57.4,27.04,67.09
4C11AE10BE14,11/24/2019 20:55,1574603700,45.58,60.67,27.05,67.06
4C11AE10BE14,11/24/2019 20:58,1574603881,45.52,58.87,27.05,67.08
4C11AE10BE14,11/24/2019 21:01,1574604061,45.2,58,27.04,67.03
4C11AE10BE14,11/24/2019 21:04,1574604240,44.8,58.5,27.04,67
4C11AE10BE14,11/24/2019 21:07,1574604420,44.4,58.38,27.03,66.94
4C11AE10BE14,11/24/2019 21:10,1574604600,44.98,56.62,27.03,66.94
4C11AE10BE14,11/24/2019 21:13,1574604780,44.43,56.45,27,66.96
4C11AE10BE14,11/24/2019 21:16,1574604960,43.78,55.45,26.99,66.99
4C11AE10BE14,11/24/2019 21:19,1574605140,43.3,55.37,27,66.98
4C11AE10BE14,11/24/2019 21:22,1574605321,42.73,54.9,26.97,67.02
4C11AE10BE14,11/24/2019 21:25,1574605501,42.73,53.87,26.97,67.02
4C11AE10BE14,11/24/2019 21:28,1574605680,42.47,53.55,26.99,66.97
4C11AE10BE14,11/24/2019 21:31,1574605860,42.83,53.8,26.97,67
4C11AE10BE14,11/24/2019 21:34,1574606041,42.65,53.83,26.97,66.96
4C11AE10BE14,11/24/2019 21:37,1574606220,42.42,50.87,26.97,66.91
4C11AE10BE14,11/24/2019 21:40,1574606400,42.58,52.77,26.94,66.99
4C11AE10BE14,11/24/2019 21:43,1574606580,41.93,51.98,26.96,66.89
4C11AE10BE14,11/24/2019 21:46,1574606761,41.95,53.77,26.96,66.89
4C11AE10BE14,11/24/2019 21:49,1574606941,42.1,52.42,26.99,66.77
4C11AE10BE14,11/24/2019 21:52,1574607121,42.22,50.73,26.98,66.73
4C11AE10BE14,11/24/2019 21:55,1574607300,42.15,52.88,26.97,66.83
4C11AE10BE14,11/24/2019 21:58,1574607480,41.73,51.97,26.95,66.79
4C11AE10BE14,11/24/2019 22:01,1574607661,42.02,53.27,26.96,66.77
4C11AE10BE14,11/24/2019 22:04,1574607840,42.05,53.53,26.94,66.81
4C11AE10BE14,11/24/2019 22:07,1574608021,41.15,48.23,26.94,66.75
4C11AE10BE14,11/24/2019 22:10,1574608201,40.95,51.78,26.93,66.82
4C11AE10BE14,11/24/2019 22:13,1574608380,40.9,50.72,26.95,66.72
4C11AE10BE14,11/24/2019 22:16,1574608561,40.65,51.73,26.95,66.68
4C11AE10BE14,11/24/2019 22:19,1574608741,40.65,48.9,26.93,66.69
4C11AE10BE14,11/24/2019 22:22,1574608920,40.68,50.03,26.91,66.83
4C11AE10BE14,11/24/2019 22:25,1574609100,40.95,48.77,26.93,66.71
4C11AE10BE14,11/24/2019 22:28,1574609280,40.72,49.52,26.94,66.7
4C11AE10BE14,11/24/2019 22:31,1574609461,40.58,49.05,26.93,66.73
4C11AE10BE14,11/24/2019 22:34,1574609640,39.1,46.78,26.94,66.67
4C11AE10BE14,11/24/2019 22:37,1574609820,39.82,47.92,26.93,66.66
4C11AE10BE14,11/24/2019 22:40,1574610000,38.93,46.85,26.94,66.62
4C11AE10BE14,11/24/2019 22:43,1574610181,40.07,48.8,26.92,66.75
4C11AE10BE14,11/24/2019 22:46,1574610360,38.82,46.67,26.92,66.79
4C11AE10BE14,11/24/2019 22:49,1574610540,38.77,45.92,26.91,66.69
4C11AE10BE14,11/24/2019 22:52,1574610720,39.02,46.8,26.9,66.75
4C11AE10BE14,11/24/2019 22:55,1574610901,39.5,46.88,26.89,66.77
4C11AE10BE14,11/24/2019 22:58,1574611081,39.35,47.8,26.9,66.77
4C11AE10BE14,11/24/2019 23:01,1574611260,39.22,46.17,26.91,66.71
4C11AE10BE14,11/24/2019 23:04,1574611440,38.45,45.1,26.92,66.74
4C11AE10BE14,11/24/2019 23:07,1574611620,38.15,46.4,26.94,66.62
4C11AE10BE14,11/24/2019 23:10,1574611800,38.73,46.07,26.93,66.7
4C11AE10BE14,11/24/2019 23:13,1574611981,38.2,44.38,26.9,66.73
4C11AE10BE14,11/24/2019 23:16,1574612160,38.17,44.4,26.92,66.75
4C11AE10BE14,11/24/2019 23:19,1574612340,37.47,43.93,26.94,66.7
4C11AE10BE14,11/24/2019 23:22,1574612520,38.08,44.38,26.9,66.76
4C11AE10BE14,11/24/2019 23:25,1574612700,39.68,46.93,26.92,66.78
4C11AE10BE14,11/24/2019 23:28,1574612880,41.07,46.62,26.9,66.84
4C11AE10BE14,11/24/2019 23:31,1574613060,41.48,47.2,26.9,66.83
4C11AE10BE14,11/24/2019 23:34,1574613240,40.85,45.92,26.91,66.78
4C11AE10BE14,11/24/2019 23:37,1574613420,41.32,46.35,26.9,66.78
4C11AE10BE14,11/24/2019 23:40,1574613600,39.83,45.7,26.92,66.79
4C11AE10BE14,11/24/2019 23:43,1574613780,40.27,45.47,26.91,66.8
4C11AE10BE14,11/24/2019 23:46,1574613960,40.17,45.45,26.92,66.82
4C11AE10BE14,11/24/2019 23:49,1574614141,37.78,44.23,26.92,66.77
4C11AE10BE14,11/24/2019 23:52,1574614321,37.75,44.13,26.92,66.76
4C11AE10BE14,11/24/2019 23:55,1574614501,37.77,43.78,26.93,66.69
4C11AE10BE14,11/24/2019 23:58,1574614681,38.2,45.2,26.9,66.78
4C11AE10CD26,11/24/2019 11:42,1574570520,16.28,25.48,27.64,60.35
4C11AE10CD26,11/24/2019 11:45,1574570700,15.23,23.53,27.38,59.08
4C11AE10CD26,11/24/2019 11:48,1574570880,14.72,21.3,27.24,57.95
4C11AE10CD26,11/24/2019 11:51,1574571060,15.12,22.77,27.19,56.83
4C11AE10CD26,11/24/2019 11:54,1574571240,15.47,21.86,27.12,56.1
4C11AE10CD26,11/24/2019 11:57,1574571420,15.76,22.71,27.09,55.42
4C11AE10CD26,11/24/2019 12:00,1574571600,15.94,21.79,27.04,54.89
4C11AE10CD26,11/24/2019 12:03,1574571780,15.85,22.17,27,54.26
4C11AE10CD26,11/24/2019 12:06,1574571960,17.65,25.25,26.92,53.76
4C11AE10CD26,11/24/2019 12:09,1574572140,17.66,25.54,26.85,53.18
4C11AE10CD26,11/24/2019 12:12,1574572320,17.73,24.46,26.82,52.74
4C11AE10CD26,11/24/2019 12:15,1574572500,17.04,23.28,26.86,52.54
4C11AE10CD26,11/24/2019 12:18,1574572680,16.59,23.18,26.85,52.43
4C11AE10CD26,11/24/2019 12:21,1574572860,16.28,22.37,26.87,52.28
4C11AE10CD26,11/24/2019 12:24,1574573040,18.55,26.25,26.8,51.89
4C11AE10CD26,11/24/2019 12:27,1574573220,19.37,28.04,26.75,51.48
4C11AE10CD26,11/24/2019 12:30,1574573400,27.46,49.36,26.7,51.23
4C11AE10CD26,11/24/2019 12:33,1574573580,42.81,96.14,26.7,51.23
4C11AE10CD26,11/24/2019 12:36,1574573760,45.8,109.48,26.69,50.91
4C11AE10CD26,11/24/2019 12:39,1574573940,41.77,98.12,26.64,50.63
4C11AE10CD26,11/24/2019 12:42,1574574120,38.18,82.83,26.63,50.69
4C11AE10CD26,11/24/2019 12:45,1574574300,35.91,75.84,26.65,50.6
4C11AE10CD26,11/24/2019 12:48,1574574480,37.87,83.59,26.63,50.51
4C11AE10CD26,11/24/2019 12:51,1574574660,39.67,82.67,26.65,50.68
4C11AE10CD26,11/24/2019 12:54,1574574840,35.42,70.47,26.67,50.92
4C11AE10CD26,11/24/2019 12:57,1574575020,32.6,63.42,26.62,50.99
4C11AE10CD26,11/24/2019 13:00,1574575200,30.85,59.09,26.57,50.64
4C11AE10CD26,11/24/2019 13:03,1574575380,29.72,55.4,26.54,50.65
4C11AE10CD26,11/24/2019 13:06,1574575560,27.62,49.47,26.51,50.56
4C11AE10CD26,11/24/2019 13:09,1574575740,25.43,43.33,26.53,50.7
4C11AE10CD26,11/24/2019 13:12,1574575920,23.75,40.67,26.49,50.79
4C11AE10CD26,11/24/2019 13:15,1574576100,22.98,36.68,26.38,50.85
4C11AE10CD26,11/24/2019 13:18,1574576280,21.68,34.01,26.3,50.97
4C11AE10CD26,11/24/2019 13:21,1574576460,20.35,31.22,26.27,51.17
4C11AE10CD26,11/24/2019 13:24,1574576640,20.42,32.12,26.21,51.05
4C11AE10CD26,11/24/2019 13:27,1574576820,19.65,32,26.13,51.49
4C11AE10CD26,11/24/2019 13:30,1574577000,21.45,33.1,26.07,51.76
4C11AE10CD26,11/24/2019 13:33,1574577180,24.21,37.55,26.08,51.85
4C11AE10CD26,11/24/2019 13:36,1574577360,23.98,37.26,26.12,52.08
4C11AE10CD26,11/24/2019 13:39,1574577540,22.63,35.38,26.13,52.48
4C11AE10CD26,11/24/2019 13:42,1574577720,21.88,31.3,26.08,52.5
4C11AE10CD26,11/24/2019 13:45,1574577900,21.6,30.4,26.09,52.6
4C11AE10CD26,11/24/2019 13:48,1574578082,20.33,28.57,26.06,52.74
4C11AE10CD26,11/24/2019 13:51,1574578260,19.78,26.07,26.04,53.15
4C11AE10CD26,11/24/2019 13:54,1574578440,19.28,25.76,26.11,53.73
4C11AE10CD26,11/24/2019 13:57,1574578620,19.22,26.57,26.18,53.98
4C11AE10CD26,11/24/2019 14:00,1574578800,18.88,24.57,26.17,53.98
4C11AE10CD26,11/24/2019 14:03,1574578980,20.53,25.87,26.2,54.39
4C11AE10CD26,11/24/2019 14:06,1574579160,20.72,26.3,26.25,54.53
4C11AE10CD26,11/24/2019 14:09,1574579340,20.85,29.53,26.34,54.5
4C11AE10CD26,11/24/2019 14:12,1574579520,20.12,26.92,26.39,54.43
4C11AE10CD26,11/24/2019 14:15,1574579700,20.05,26.8,26.4,54.61
4C11AE10CD26,11/24/2019 14:18,1574579880,20.27,24.78,26.46,54.58
4C11AE10CD26,11/24/2019 14:21,1574580064,19.96,24.45,26.43,54.26
4C11AE10CD26,11/24/2019 14:24,1574580240,20.38,26.2,26.41,54.11
4C11AE10CD26,11/24/2019 14:27,1574580420,19.93,24.88,26.38,53.39
4C11AE10CD26,11/24/2019 14:30,1574580600,19.55,24.4,26.34,52.66
4C11AE10CD26,11/24/2019 14:33,1574580780,19.17,22.78,26.31,52.31
4C11AE10CD26,11/24/2019 14:36,1574580960,19.58,24.22,26.28,52.32
4C11AE10CD26,11/24/2019 14:39,1574581140,19.3,22.1,26.31,52.14
4C11AE10CD26,11/24/2019 14:42,1574581320,20.58,25,26.33,52.41
4C11AE10CD26,11/24/2019 14:45,1574581500,20.78,24.22,26.27,52.45
4C11AE10CD26,11/24/2019 14:48,1574581680,21.17,23.83,26.2,52.44
4C11AE10CD26,11/24/2019 14:51,1574581860,21.43,24.9,26.19,52.67
4C11AE10CD26,11/24/2019 14:54,1574582047,21.12,24.48,26.19,52.37
4C11AE10CD26,11/24/2019 14:57,1574582220,20.62,23.28,26.1,52.07
4C11AE10CD26,11/24/2019 15:00,1574582400,20.49,22.93,26.07,51.82
4C11AE10CD26,11/24/2019 15:03,1574582580,20.27,22.98,25.99,51.54
4C11AE10CD26,11/24/2019 15:06,1574582760,19.95,22.32,25.91,51.54
4C11AE10CD26,11/24/2019 15:09,1574582940,20.04,22.29,26.09,53.8
4C11AE10CD26,11/24/2019 15:12,1574583120,20.03,22.42,26.26,55.79
4C11AE10CD26,11/24/2019 15:15,1574583300,20.39,23,26.29,57.07
4C11AE10CD26,11/24/2019 15:18,1574583480,20.62,23.88,26.34,58.24
4C11AE10CD26,11/24/2019 15:21,1574583660,20.33,22.77,26.38,59.36
4C11AE10CD26,11/24/2019 15:24,1574583840,20.63,23.5,26.43,60.24
4C11AE10CD26,11/24/2019 15:27,1574584020,20.47,23.1,26.47,60.67
4C11AE10CD26,11/24/2019 15:30,1574584200,20.59,23.17,26.47,60.96
4C11AE10CD26,11/24/2019 15:33,1574584380,20.43,22.75,26.45,60.75
4C11AE10CD26,11/24/2019 15:36,1574584560,20.15,22.5,26.4,60.39
4C11AE10CD26,11/24/2019 15:39,1574584740,19.58,21.87,26.28,59.59
4C11AE10CD26,11/24/2019 15:42,1574584920,19.08,21.32,26.1,58.49
4C11AE10CD26,11/24/2019 15:45,1574585100,18.8,20.97,26.01,58.21
4C11AE10CD26,11/24/2019 15:48,1574585280,19.28,21.46,26.22,60.49
4C11AE10CD26,11/24/2019 15:51,1574585460,19.6,22.1,26.36,62.09
4C11AE10CD26,11/24/2019 15:54,1574585640,19.87,22.2,26.39,62.85
4C11AE10CD26,11/24/2019 15:57,1574585820,20.18,23.95,26.42,63.36
4C11AE10CD26,11/24/2019 16:00,1574586000,20.03,23.12,26.46,63.45
4C11AE10CD26,11/24/2019 16:03,1574586180,19.77,22.35,26.48,63.57
4C11AE10CD26,11/24/2019 16:06,1574586360,19.71,22.09,26.47,63.43
4C11AE10CD26,11/24/2019 16:09,1574586543,19.49,23.13,26.44,63.15
4C11AE10CD26,11/24/2019 16:12,1574586720,19.06,21.91,26.39,62.82
4C11AE10CD26,11/24/2019 16:15,1574586900,18.27,20.52,26.36,62.16
4C11AE10CD26,11/24/2019 16:18,1574587080,18.56,22.14,26.54,62.84
4C11AE10CD26,11/24/2019 16:21,1574587260,18.37,20.98,26.69,63.73
4C11AE10CD26,11/24/2019 16:24,1574587440,18.53,20.95,26.75,64.53
4C11AE10CD26,11/24/2019 16:27,1574587620,18.62,21.62,26.76,64.5
4C11AE10CD26,11/24/2019 16:30,1574587800,18.72,23.72,26.77,64.55
4C11AE10CD26,11/24/2019 16:33,1574587980,18.74,22.87,26.74,64.28
4C11AE10CD26,11/24/2019 16:36,1574588160,18.63,23.35,26.56,63.64
4C11AE10CD26,11/24/2019 16:39,1574588340,18.79,23.34,26.39,63.88
4C11AE10CD26,11/24/2019 16:42,1574588520,18.6,22.17,26.58,65.05
4C11AE10CD26,11/24/2019 16:45,1574588700,19.2,24.5,26.68,65.78
4C11AE10CD26,11/24/2019 16:48,1574588880,19.8,23.58,26.71,65.78
4C11AE10CD26,11/24/2019 16:51,1574589060,20.15,23.05,26.67,65.42
4C11AE10CD26,11/24/2019 16:54,1574589240,19.89,22.94,26.7,65.06
4C11AE10CD26,11/24/2019 16:57,1574589420,20.32,23.29,26.7,64.67
4C11AE10CD26,11/24/2019 17:00,1574589600,20.13,22.62,26.65,64.51
4C11AE10CD26,11/24/2019 17:03,1574589780,19.78,22.42,26.63,64.29
4C11AE10CD26,11/24/2019 17:06,1574589960,19.83,22.15,26.49,64.43
4C11AE10CD26,11/24/2019 17:09,1574590140,19.86,22.89,26.45,64.34
4C11AE10CD26,11/24/2019 17:12,1574590320,20.18,22.63,26.45,64.34
4C11AE10CD26,11/24/2019 17:15,1574590500,20.03,22.39,26.51,64.14
4C11AE10CD26,11/24/2019 17:18,1574590680,20.28,23.1,26.46,64.42
4C11AE10CD26,11/24/2019 17:21,1574590860,20.13,22.48,26.44,64.58
4C11AE10CD26,11/24/2019 17:24,1574591040,19.78,22,26.56,64.34
4C11AE10CD26,11/24/2019 17:27,1574591220,20.56,22.93,26.58,64.46
4C11AE10CD26,11/24/2019 17:30,1574591400,20.14,22.47,26.56,64.6
4C11AE10CD26,11/24/2019 17:33,1574591580,20.19,22.51,26.62,64.5
4C11AE10CD26,11/24/2019 17:36,1574591760,19.9,22.13,26.68,64.42
4C11AE10CD26,11/24/2019 17:39,1574591940,19.72,22.83,26.66,64.43
4C11AE10CD26,11/24/2019 17:42,1574592120,20.02,23.17,26.58,64.79
4C11AE10CD26,11/24/2019 17:45,1574592300,20.7,23.51,26.59,64.81
4C11AE10CD26,11/24/2019 17:48,1574592480,20.35,23.4,26.56,64.9
4C11AE10CD26,11/24/2019 17:51,1574592660,20.37,23.12,26.59,64.89
4C11AE10CD26,11/24/2019 17:54,1574592840,19.75,22.08,26.63,64.87
4C11AE10CD26,11/24/2019 17:57,1574593020,19.66,22.16,26.6,64.86
4C11AE10CD26,11/24/2019 18:00,1574593200,19.24,22.23,26.65,64.75
4C11AE10CD26,11/24/2019 18:03,1574593380,19.12,22.2,26.7,64.59
4C11AE10CD26,11/24/2019 18:06,1574593560,19.29,22.7,26.7,64.68
4C11AE10CD26,11/24/2019 18:09,1574593740,19,23.38,26.7,64.67
4C11AE10CD26,11/24/2019 18:12,1574593920,18.93,23.17,26.72,64.62
4C11AE10CD26,11/24/2019 18:15,1574594100,18.97,22.19,26.75,64.44
4C11AE10CD26,11/24/2019 18:18,1574594280,18.66,21.03,26.77,64.51
4C11AE10CD26,11/24/2019 18:21,1574594460,18.6,21.25,26.88,64.36
4C11AE10CD26,11/24/2019 18:24,1574594640,18.52,21.93,26.98,64.26
4C11AE10CD26,11/24/2019 18:27,1574594820,18.37,21.02,27.02,64.26
4C11AE10CD26,11/24/2019 18:30,1574595000,18.86,21.67,27.06,64.25
4C11AE10CD26,11/24/2019 18:33,1574595180,19.19,22.39,27.08,64.4
4C11AE10CD26,11/24/2019 18:36,1574595360,18.67,21.32,27.09,64.6
4C11AE10CD26,11/24/2019 18:39,1574595540,18.88,22.22,27.12,64.66
4C11AE10CD26,11/24/2019 18:42,1574595720,19.02,23.2,27.16,64.63
4C11AE10CD26,11/24/2019 18:45,1574595900,18.8,22.67,27.19,64.59
4C11AE10CD26,11/24/2019 18:48,1574596080,19.03,23.38,27.21,64.65
4C11AE10CD26,11/24/2019 18:51,1574596260,18.46,22.4,27.21,64.79
4C11AE10CD26,11/24/2019 18:54,1574596440,19.09,22.43,27.22,64.91
4C11AE10CD26,11/24/2019 18:57,1574596620,18.78,22.81,27.24,64.96
4C11AE10CD26,11/24/2019 19:00,1574596800,18.6,22.85,27.27,65
4C11AE10CD26,11/24/2019 19:03,1574596980,19.12,23.45,27.28,65.19
4C11AE10CD26,11/24/2019 19:06,1574597160,18.65,24.31,27.3,65.33
4C11AE10CD26,11/24/2019 19:09,1574597340,18.74,25.13,27.31,65.46
4C11AE10CD26,11/24/2019 19:12,1574597520,19.01,25.12,27.33,65.54
4C11AE10CD26,11/24/2019 19:15,1574597700,18.78,24.22,27.34,65.64
4C11AE10CD26,11/24/2019 19:18,1574597880,19.08,25.37,27.34,65.7
4C11AE10CD26,11/24/2019 19:21,1574598060,19.28,25.81,27.35,65.74
4C11AE10CD26,11/24/2019 19:24,1574598240,18.93,24.02,27.39,65.71
4C11AE10CD26,11/24/2019 19:27,1574598420,18.92,24.55,27.4,65.75
4C11AE10CD26,11/24/2019 19:30,1574598600,18.94,24.43,27.41,65.81
4C11AE10CD26,11/24/2019 19:33,1574598781,18.6,24.25,27.4,65.92
4C11AE10CD26,11/24/2019 19:36,1574598960,18.4,23.95,27.39,66.13
4C11AE10CD26,11/24/2019 19:39,1574599140,18.62,24.63,27.4,66.22
4C11AE10CD26,11/24/2019 19:42,1574599321,17.73,24.33,27.41,66.28
4C11AE10CD26,11/24/2019 19:45,1574599500,18.27,26.1,27.41,66.4
4C11AE10CD26,11/24/2019 19:48,1574599681,18.38,25.15,27.37,66.58
4C11AE10CD26,11/24/2019 19:51,1574599860,18.15,24.12,27.35,66.73
4C11AE10CD26,11/24/2019 19:54,1574600040,18.28,25.57,27.29,66.9
4C11AE10CD26,11/24/2019 19:57,1574600221,18.12,24.72,27.32,67.04
4C11AE10CD26,11/24/2019 20:00,1574600400,17.75,23.88,27.35,67.05
4C11AE10CD26,11/24/2019 20:03,1574600580,18.03,24.07,27.3,67.17
4C11AE10CD26,11/24/2019 20:06,1574600761,18.07,24.45,27.21,67.61
4C11AE10CD26,11/24/2019 20:09,1574600940,18.03,24.45,27.17,67.8
4C11AE10CD26,11/24/2019 20:12,1574601120,17.75,25.48,27.21,67.53
4C11AE10CD26,11/24/2019 20:15,1574601301,16.73,23.75,27.22,67.62
4C11AE10CD26,11/24/2019 20:18,1574601481,16.72,23.07,27.21,67.71
4C11AE10CD26,11/24/2019 20:21,1574601661,16.72,22.42,27.13,68.13
4C11AE10CD26,11/24/2019 20:24,1574601846,16.57,21.78,27.1,68.21
4C11AE10CD26,11/24/2019 20:27,1574602020,16.45,22.47,27.1,68.26
4C11AE10CD26,11/24/2019 20:30,1574602200,16.48,22.65,27.1,68.12
4C11AE10CD26,11/24/2019 20:33,1574602380,15.58,20.93,27.1,68.09
4C11AE10CD26,11/24/2019 20:36,1574602560,15.87,21.58,27.09,68.12
4C11AE10CD26,11/24/2019 20:39,1574602740,15.42,21.12,27.07,68.13
4C11AE10CD26,11/24/2019 20:42,1574602920,15.02,20.17,27.09,68.02
4C11AE10CD26,11/24/2019 20:45,1574603100,15.35,20.53,27.08,68.02
4C11AE10CD26,11/24/2019 20:48,1574603281,14.97,20.43,27.08,67.97
4C11AE10CD26,11/24/2019 20:51,1574603460,14.47,18.63,27.07,67.98
4C11AE10CD26,11/24/2019 20:54,1574603640,14.63,19.38,27.08,67.89
4C11AE10CD26,11/24/2019 20:57,1574603820,14.42,19.28,27.07,67.85
4C11AE10CD26,11/24/2019 21:00,1574604000,14.23,18.28,27.06,67.83
4C11AE10CD26,11/24/2019 21:03,1574604181,14.32,18.82,27.05,67.8
4C11AE10CD26,11/24/2019 21:06,1574604360,13.9,18.3,27.04,67.85
4C11AE10CD26,11/24/2019 21:09,1574604540,13.78,17.88,27.03,67.86
4C11AE10CD26,11/24/2019 21:12,1574604721,13.92,17.92,27.03,67.84
4C11AE10CD26,11/24/2019 21:15,1574604900,13.42,17.22,27.01,67.88
4C11AE10CD26,11/24/2019 21:18,1574605080,13.6,18.12,27.01,67.87
4C11AE10CD26,11/24/2019 21:21,1574605261,13.27,17.73,26.99,67.87
4C11AE10CD26,11/24/2019 21:24,1574605440,13.27,17.9,26.99,67.87
4C11AE10CD26,11/24/2019 21:27,1574605623,13.22,17.7,27.01,67.85
4C11AE10CD26,11/24/2019 21:30,1574605800,13.13,17.57,27,67.85
4C11AE10CD26,11/24/2019 21:33,1574605981,13.17,17.53,27,67.75
4C11AE10CD26,11/24/2019 21:36,1574606161,12.67,17.53,26.97,67.79
4C11AE10CD26,11/24/2019 21:39,1574606340,12.7,15.87,26.97,67.77
4C11AE10CD26,11/24/2019 21:42,1574606523,12.98,16.73,26.98,67.74
4C11AE10CD26,11/24/2019 21:45,1574606700,12.92,16.83,26.98,67.71
4C11AE10CD26,11/24/2019 21:48,1574606882,13.18,17.25,26.97,67.71
4C11AE10CD26,11/24/2019 21:51,1574607060,12.92,16.85,27,67.65
4C11AE10CD26,11/24/2019 21:54,1574607240,12.82,17.48,27,67.6
4C11AE10CD26,11/24/2019 21:57,1574607420,13.08,17.43,26.98,67.64
4C11AE10CD26,11/24/2019 22:00,1574607600,12.78,16.42,26.97,67.65
4C11AE10CD26,11/24/2019 22:03,1574607784,12.67,16.23,26.96,67.64
4C11AE10CD26,11/24/2019 22:06,1574607961,12.57,15.73,26.95,67.66
4C11AE10CD26,11/24/2019 22:09,1574608141,12.35,15.7,26.95,67.67
4C11AE10CD26,11/24/2019 22:12,1574608321,12.48,15.87,26.95,67.65
4C11AE10CD26,11/24/2019 22:15,1574608500,12.28,16.03,26.93,67.69
4C11AE10CD26,11/24/2019 22:18,1574608682,12.12,15.6,26.96,67.62
4C11AE10CD26,11/24/2019 22:21,1574608860,12,15.48,26.94,67.66
4C11AE10CD26,11/24/2019 22:24,1574609041,12.12,15.9,26.94,67.6
4C11AE10CD26,11/24/2019 22:27,1574609220,12.1,15.52,26.94,67.66
4C11AE10CD26,11/24/2019 22:30,1574609401,11.62,15.15,26.95,67.58
4C11AE10CD26,11/24/2019 22:33,1574609580,11.67,14.07,26.93,67.6
4C11AE10CD26,11/24/2019 22:36,1574609761,11.67,14.3,26.92,67.64
4C11AE10CD26,11/24/2019 22:39,1574609940,11.67,14.78,26.94,67.56
4C11AE10CD26,11/24/2019 22:42,1574610121,11.48,14.15,26.91,67.63
4C11AE10CD26,11/24/2019 22:45,1574610300,11.12,13.85,26.91,67.68
4C11AE10CD26,11/24/2019 22:48,1574610480,11.37,14.48,26.91,67.69
4C11AE10CD26,11/24/2019 22:51,1574610661,11.42,14.28,26.92,67.66
4C11AE10CD26,11/24/2019 22:54,1574610840,11.33,14.37,26.93,67.63
4C11AE10CD26,11/24/2019 22:57,1574611021,11.07,13.62,26.94,67.61
4C11AE10CD26,11/24/2019 23:00,1574611201,11.02,13.97,26.92,67.6
4C11AE10CD26,11/24/2019 23:03,1574611380,11.05,13.92,26.93,67.6
4C11AE10CD26,11/24/2019 23:06,1574611561,10.73,12.92,26.93,67.62
4C11AE10CD26,11/24/2019 23:09,1574611740,10.68,13.77,26.92,67.64
4C11AE10CD26,11/24/2019 23:12,1574611920,10.93,13.82,26.92,67.66
4C11AE10CD26,11/24/2019 23:15,1574612101,10.48,13.2,26.9,67.69
4C11AE10CD26,11/24/2019 23:18,1574612280,10.48,13.25,26.92,67.65
4C11AE10CD26,11/24/2019 23:21,1574612461,10.63,13.53,26.92,67.71
4C11AE10CD26,11/24/2019 23:24,1574612640,10.37,12.78,26.91,67.69
4C11AE10CD26,11/24/2019 23:27,1574612820,10.44,13.11,26.9,67.74
4C11AE10CD26,11/24/2019 23:30,1574613000,10.45,12.88,26.9,67.79
4C11AE10CD26,11/24/2019 23:33,1574613181,10.78,13.65,26.89,67.76
4C11AE10CD26,11/24/2019 23:36,1574613361,10.35,12.85,26.91,67.74
4C11AE10CD26,11/24/2019 23:39,1574613541,10.6,13.33,26.91,67.76
4C11AE10CD26,11/24/2019 23:42,1574613721,10.55,13.4,26.91,67.71
4C11AE10CD26,11/24/2019 23:45,1574613900,10.53,13.17,26.91,67.74
4C11AE10CD26,11/24/2019 23:48,1574614080,10.63,12.82,26.91,67.73
4C11AE10CD26,11/24/2019 23:51,1574614260,10.6,12.88,26.91,67.7
4C11AE10CD26,11/24/2019 23:54,1574614440,10.4,13.23,26.91,67.72
4C11AE10CD26,11/24/2019 23:57,1574614620,10.27,12.27,26.91,67.7
