84F3EBFBE0EB,2019-11-24 0:1:4,1574528464,59.47,95.18,26.83,70.44
84F3EBFBE0EB,2019-11-24 0:4:1,1574528641,59.58,92.25,26.85,70.46
84F3EBFBE0EB,2019-11-24 0:7:5,1574528825,58.82,93.95,26.85,70.40
84F3EBFBE0EB,2019-11-24 0:10:0,1574529000,59.18,93.68,26.85,70.39
84F3EBFBE0EB,2019-11-24 0:13:0,1574529180,59.27,96.53,26.86,70.42
84F3EBFBE0EB,2019-11-24 0:16:2,1574529362,59.58,94.45,26.85,70.42
84F3EBFBE0EB,2019-11-24 0:19:1,1574529541,58.82,93.08,26.86,70.33
84F3EBFBE0EB,2019-11-24 0:22:1,1574529721,57.93,91.25,26.85,70.26
84F3EBFBE0EB,2019-11-24 0:25:5,1574529905,57.28,88.38,26.85,70.20
84F3EBFBE0EB,2019-11-24 0:28:0,1574530080,56.60,90.07,26.86,70.16
84F3EBFBE0EB,2019-11-24 0:31:0,1574530260,57.17,91.33,26.85,70.14
84F3EBFBE0EB,2019-11-24 0:34:0,1574530440,56.73,85.32,26.86,70.13
84F3EBFBE0EB,2019-11-24 0:37:1,1574530621,56.20,86.10,26.86,70.09
84F3EBFBE0EB,2019-11-24 0:40:1,1574530801,55.57,87.57,26.85,70.02
84F3EBFBE0EB,2019-11-24 0:43:1,1574530981,54.43,81.83,26.86,69.93
84F3EBFBE0EB,2019-11-24 0:46:0,1574531160,53.82,82.43,26.86,69.92
84F3EBFBE0EB,2019-11-24 0:49:0,1574531340,55.08,86.08,26.86,69.96
84F3EBFBE0EB,2019-11-24 0:52:0,1574531520,56.28,87.30,26.86,70.00
84F3EBFBE0EB,2019-11-24 0:55:1,1574531701,55.73,85.70,26.85,69.97
84F3EBFBE0EB,2019-11-24 0:58:1,1574531881,55.60,84.67,26.86,69.91
84F3EBFBE0EB,2019-11-24 1:1:1,1574532061,55.15,82.67,26.86,69.89
84F3EBFBE0EB,2019-11-24 1:4:0,1574532240,56.62,83.63,26.86,69.96
84F3EBFBE0EB,2019-11-24 1:7:0,1574532420,57.05,85.37,26.87,69.97
84F3EBFBE0EB,2019-11-24 1:10:0,1574532600,56.73,87.07,26.87,69.90
84F3EBFBE0EB,2019-11-24 1:13:0,1574532780,55.67,83.10,26.86,69.91
84F3EBFBE0EB,2019-11-24 1:16:0,1574532960,55.98,82.27,26.87,69.94
84F3EBFBE0EB,2019-11-24 1:19:0,1574533140,55.67,82.05,26.87,69.95
84F3EBFBE0EB,2019-11-24 1:22:0,1574533320,55.00,81.82,26.87,69.89
84F3EBFBE0EB,2019-11-24 1:25:0,1574533500,54.73,81.45,26.87,69.80
84F3EBFBE0EB,2019-11-24 1:28:0,1574533680,54.23,80.12,26.88,69.75
84F3EBFBE0EB,2019-11-24 1:31:1,1574533861,54.50,80.33,26.87,69.75
84F3EBFBE0EB,2019-11-24 1:34:1,1574534041,54.75,82.57,26.89,69.78
84F3EBFBE0EB,2019-11-24 1:37:1,1574534221,54.48,81.88,26.87,69.77
84F3EBFBE0EB,2019-11-24 1:40:0,1574534400,53.70,77.82,26.87,69.72
84F3EBFBE0EB,2019-11-24 1:43:0,1574534580,53.08,77.95,26.87,69.69
84F3EBFBE0EB,2019-11-24 1:46:0,1574534760,52.62,76.08,26.87,69.67
84F3EBFBE0EB,2019-11-24 1:49:0,1574534940,53.35,78.68,26.86,69.66
84F3EBFBE0EB,2019-11-24 1:52:0,1574535120,54.47,79.88,26.87,69.75
84F3EBFBE0EB,2019-11-24 1:55:1,1574535301,54.27,78.95,26.86,69.74
84F3EBFBE0EB,2019-11-24 1:58:0,1574535480,55.10,80.62,26.86,69.86
84F3EBFBE0EB,2019-11-24 2:1:1,1574535661,56.18,82.20,26.86,69.92
84F3EBFBE0EB,2019-11-24 2:4:1,1574535841,55.80,82.33,26.87,69.97
84F3EBFBE0EB,2019-11-24 2:7:1,1574536021,55.13,80.43,26.87,69.91
84F3EBFBE0EB,2019-11-24 2:10:1,1574536201,56.40,83.18,26.87,70.06
84F3EBFBE0EB,2019-11-24 2:13:0,1574536380,55.53,81.67,26.86,70.01
84F3EBFBE0EB,2019-11-24 2:16:0,1574536560,55.83,82.55,26.86,70.04
84F3EBFBE0EB,2019-11-24 2:19:0,1574536740,54.93,79.87,26.85,70.03
84F3EBFBE0EB,2019-11-24 2:22:0,1574536920,54.37,79.33,26.85,69.98
84F3EBFBE0EB,2019-11-24 2:25:0,1574537100,53.63,79.12,26.85,69.95
84F3EBFBE0EB,2019-11-24 2:28:0,1574537280,53.72,79.85,26.85,69.93
84F3EBFBE0EB,2019-11-24 2:31:0,1574537460,54.70,78.00,26.85,69.95
84F3EBFBE0EB,2019-11-24 2:34:0,1574537640,53.32,76.72,26.85,69.95
84F3EBFBE0EB,2019-11-24 2:37:0,1574537820,53.57,76.30,26.85,69.88
84F3EBFBE0EB,2019-11-24 2:40:0,1574538000,52.73,75.47,26.85,69.85
84F3EBFBE0EB,2019-11-24 2:43:0,1574538180,52.70,76.35,26.85,69.87
84F3EBFBE0EB,2019-11-24 2:46:1,1574538361,51.88,73.93,26.84,69.82
84F3EBFBE0EB,2019-11-24 2:49:1,1574538541,51.55,72.98,26.85,69.80
84F3EBFBE0EB,2019-11-24 2:52:1,1574538721,52.18,74.62,26.86,69.83
84F3EBFBE0EB,2019-11-24 2:55:1,1574538901,51.48,73.13,26.86,69.87
84F3EBFBE0EB,2019-11-24 2:58:1,1574539081,51.70,74.33,26.86,69.86
84F3EBFBE0EB,2019-11-24 3:1:1,1574539261,51.23,72.13,26.85,69.84
84F3EBFBE0EB,2019-11-24 3:4:0,1574539440,50.77,73.47,26.85,69.81
84F3EBFBE0EB,2019-11-24 3:7:0,1574539620,50.43,72.15,26.86,69.77
84F3EBFBE0EB,2019-11-24 3:10:0,1574539800,49.08,68.30,26.85,69.72
84F3EBFBE0EB,2019-11-24 3:13:0,1574539980,50.05,70.20,26.86,69.74
84F3EBFBE0EB,2019-11-24 3:16:0,1574540160,50.15,70.22,26.87,69.72
84F3EBFBE0EB,2019-11-24 3:19:0,1574540340,49.15,70.32,26.86,69.67
84F3EBFBE0EB,2019-11-24 3:22:0,1574540520,49.12,69.47,26.85,69.71
84F3EBFBE0EB,2019-11-24 3:25:0,1574540700,48.73,68.37,26.87,69.64
84F3EBFBE0EB,2019-11-24 3:28:0,1574540880,48.87,69.15,26.86,69.66
84F3EBFBE0EB,2019-11-24 3:31:0,1574541060,48.95,68.40,26.86,69.64
84F3EBFBE0EB,2019-11-24 3:34:0,1574541240,47.78,66.98,26.87,69.60
84F3EBFBE0EB,2019-11-24 3:37:1,1574541421,47.77,65.92,26.88,69.58
84F3EBFBE0EB,2019-11-24 3:40:1,1574541601,47.12,63.95,26.87,69.54
84F3EBFBE0EB,2019-11-24 3:43:0,1574541780,46.75,62.83,26.87,69.53
84F3EBFBE0EB,2019-11-24 3:46:0,1574541960,47.70,66.05,26.87,69.57
84F3EBFBE0EB,2019-11-24 3:49:0,1574542140,48.20,66.08,26.86,69.62
84F3EBFBE0EB,2019-11-24 3:52:0,1574542320,47.63,65.42,26.87,69.63
84F3EBFBE0EB,2019-11-24 3:55:1,1574542501,45.97,63.53,26.87,69.53
84F3EBFBE0EB,2019-11-24 3:58:1,1574542681,46.52,63.05,26.88,69.48
84F3EBFBE0EB,2019-11-24 4:1:0,1574542860,46.77,63.73,26.88,69.47
84F3EBFBE0EB,2019-11-24 4:4:3,1574543043,46.55,63.38,26.88,69.52
84F3EBFBE0EB,2019-11-24 4:7:5,1574543225,46.42,63.87,26.87,69.52
84F3EBFBE0EB,2019-11-24 4:10:1,1574543401,46.02,64.37,26.87,69.52
84F3EBFBE0EB,2019-11-24 4:13:1,1574543581,45.97,63.10,26.87,69.49
84F3EBFBE0EB,2019-11-24 4:16:1,1574543761,45.57,62.82,26.88,69.46
84F3EBFBE0EB,2019-11-24 4:19:1,1574543941,45.38,62.55,26.87,69.50
84F3EBFBE0EB,2019-11-24 4:22:0,1574544120,45.77,62.07,26.87,69.49
84F3EBFBE0EB,2019-11-24 4:25:0,1574544300,45.93,62.52,26.88,69.50
84F3EBFBE0EB,2019-11-24 4:28:0,1574544480,45.20,62.25,26.87,69.44
84F3EBFBE0EB,2019-11-24 4:31:0,1574544660,44.70,61.30,26.87,69.44
84F3EBFBE0EB,2019-11-24 4:34:0,1574544840,44.80,61.15,26.88,69.46
84F3EBFBE0EB,2019-11-24 4:37:0,1574545020,44.72,60.78,26.87,69.41
84F3EBFBE0EB,2019-11-24 4:40:0,1574545200,45.17,62.17,26.87,69.44
84F3EBFBE0EB,2019-11-24 4:43:0,1574545380,44.78,61.83,26.88,69.38
84F3EBFBE0EB,2019-11-24 4:46:0,1574545560,44.08,59.18,26.88,69.37
84F3EBFBE0EB,2019-11-24 4:49:0,1574545740,44.30,59.77,26.88,69.38
84F3EBFBE0EB,2019-11-24 4:52:0,1574545920,45.47,62.93,26.88,69.46
84F3EBFBE0EB,2019-11-24 4:55:0,1574546100,43.88,59.57,26.87,69.35
84F3EBFBE0EB,2019-11-24 4:58:0,1574546280,43.25,57.82,26.87,69.33
84F3EBFBE0EB,2019-11-24 5:1:1,1574546461,44.10,61.00,26.87,69.34
84F3EBFBE0EB,2019-11-24 5:4:1,1574546641,44.53,61.03,26.87,69.36
84F3EBFBE0EB,2019-11-24 5:7:0,1574546820,44.07,60.92,26.87,69.36
84F3EBFBE0EB,2019-11-24 5:10:0,1574547000,44.20,60.67,26.88,69.36
84F3EBFBE0EB,2019-11-24 5:13:1,1574547181,43.88,59.28,26.87,69.35
84F3EBFBE0EB,2019-11-24 5:16:1,1574547361,44.22,61.30,26.87,69.35
84F3EBFBE0EB,2019-11-24 5:19:1,1574547541,43.57,59.20,26.88,69.28
84F3EBFBE0EB,2019-11-24 5:22:1,1574547721,43.03,57.78,26.88,69.26
84F3EBFBE0EB,2019-11-24 5:25:0,1574547900,43.32,58.97,26.88,69.24
84F3EBFBE0EB,2019-11-24 5:28:0,1574548080,42.43,57.37,26.87,69.20
84F3EBFBE0EB,2019-11-24 5:31:0,1574548260,42.38,57.35,26.88,69.17
84F3EBFBE0EB,2019-11-24 5:34:1,1574548441,42.83,56.85,26.89,69.18
84F3EBFBE0EB,2019-11-24 5:37:1,1574548621,41.15,54.07,26.88,69.13
84F3EBFBE0EB,2019-11-24 5:40:0,1574548800,40.80,55.45,26.88,69.07
84F3EBFBE0EB,2019-11-24 5:43:0,1574548980,40.03,53.25,26.88,69.02
84F3EBFBE0EB,2019-11-24 5:46:0,1574549160,39.57,53.13,26.89,68.98
84F3EBFBE0EB,2019-11-24 5:49:1,1574549341,39.50,51.92,26.89,68.93
84F3EBFBE0EB,2019-11-24 5:52:1,1574549521,38.80,51.05,26.89,68.89
84F3EBFBE0EB,2019-11-24 5:55:0,1574549700,38.78,51.48,26.89,68.85
84F3EBFBE0EB,2019-11-24 5:58:0,1574549880,38.38,50.17,26.89,68.82
84F3EBFBE0EB,2019-11-24 6:1:0,1574550060,37.88,51.40,26.90,68.80
84F3EBFBE0EB,2019-11-24 6:4:0,1574550240,37.88,49.87,26.89,68.78
84F3EBFBE0EB,2019-11-24 6:7:0,1574550420,38.57,49.93,26.89,68.78
84F3EBFBE0EB,2019-11-24 6:10:1,1574550601,40.12,53.72,26.89,68.84
84F3EBFBE0EB,2019-11-24 6:13:1,1574550781,40.67,55.35,26.89,68.89
84F3EBFBE0EB,2019-11-24 6:16:1,1574550961,41.27,54.57,26.88,68.96
84F3EBFBE0EB,2019-11-24 6:19:0,1574551140,41.10,54.43,26.88,68.94
84F3EBFBE0EB,2019-11-24 6:22:0,1574551320,40.38,54.25,26.87,68.94
84F3EBFBE0EB,2019-11-24 6:25:0,1574551500,40.53,54.27,26.88,68.95
84F3EBFBE0EB,2019-11-24 6:28:0,1574551680,41.00,55.40,26.89,69.00
84F3EBFBE0EB,2019-11-24 6:31:0,1574551860,41.45,57.52,26.88,68.99
84F3EBFBE0EB,2019-11-24 6:34:0,1574552040,41.68,55.50,26.88,68.99
84F3EBFBE0EB,2019-11-24 6:37:0,1574552220,41.38,55.95,26.88,69.01
84F3EBFBE0EB,2019-11-24 6:40:0,1574552400,42.13,57.68,26.89,69.09
84F3EBFBE0EB,2019-11-24 6:43:1,1574552581,41.63,56.47,26.88,69.07
84F3EBFBE0EB,2019-11-24 6:46:1,1574552761,41.47,55.67,26.88,69.06
84F3EBFBE0EB,2019-11-24 6:49:1,1574552941,41.75,55.22,26.88,69.08
84F3EBFBE0EB,2019-11-24 6:52:1,1574553121,42.67,59.22,26.89,69.13
84F3EBFBE0EB,2019-11-24 6:55:0,1574553300,43.78,59.35,26.89,69.23
84F3EBFBE0EB,2019-11-24 6:58:1,1574553481,43.92,60.12,26.89,69.24
84F3EBFBE0EB,2019-11-24 7:1:1,1574553661,43.92,60.17,26.89,69.25
84F3EBFBE0EB,2019-11-24 7:4:1,1574553841,43.15,57.77,26.89,69.23
84F3EBFBE0EB,2019-11-24 7:7:0,1574554020,45.53,62.45,26.89,69.34
84F3EBFBE0EB,2019-11-24 7:10:0,1574554200,44.25,62.77,26.89,69.36
84F3EBFBE0EB,2019-11-24 7:13:0,1574554380,45.18,61.97,26.89,69.39
84F3EBFBE0EB,2019-11-24 7:16:4,1574554564,45.48,62.88,26.88,69.44
84F3EBFBE0EB,2019-11-24 7:19:1,1574554741,45.20,62.35,26.89,69.47
84F3EBFBE0EB,2019-11-24 7:22:2,1574554922,45.55,64.00,26.89,69.52
84F3EBFBE0EB,2019-11-24 7:25:1,1574555101,44.40,60.87,26.89,69.44
84F3EBFBE0EB,2019-11-24 7:28:1,1574555281,44.18,61.92,26.90,69.42
84F3EBFBE0EB,2019-11-24 7:31:0,1574555460,45.17,62.88,26.90,69.47
84F3EBFBE0EB,2019-11-24 7:34:0,1574555640,45.27,61.27,26.92,69.48
84F3EBFBE0EB,2019-11-24 7:37:1,1574555821,44.12,63.10,26.91,69.48
84F3EBFBE0EB,2019-11-24 7:40:1,1574556001,43.90,60.98,26.92,69.44
84F3EBFBE0EB,2019-11-24 7:43:1,1574556181,44.65,63.47,26.93,69.49
84F3EBFBE0EB,2019-11-24 7:46:1,1574556361,44.58,62.10,26.92,69.48
84F3EBFBE0EB,2019-11-24 7:49:0,1574556540,45.27,65.03,26.94,69.53
84F3EBFBE0EB,2019-11-24 7:52:0,1574556720,44.87,63.32,26.94,69.48
84F3EBFBE0EB,2019-11-24 7:55:0,1574556900,45.28,64.98,26.94,69.56
84F3EBFBE0EB,2019-11-24 7:58:0,1574557080,44.80,63.20,26.94,69.48
84F3EBFBE0EB,2019-11-24 8:1:0,1574557260,43.92,61.52,26.93,69.49
84F3EBFBE0EB,2019-11-24 8:4:1,1574557441,44.40,62.32,26.95,69.52
84F3EBFBE0EB,2019-11-24 8:7:1,1574557621,43.83,61.25,26.94,69.49
84F3EBFBE0EB,2019-11-24 8:10:1,1574557801,44.00,61.97,26.95,69.54
84F3EBFBE0EB,2019-11-24 8:13:4,1574557984,43.77,61.88,26.96,69.49
84F3EBFBE0EB,2019-11-24 8:16:1,1574558161,43.78,62.95,26.95,69.44
84F3EBFBE0EB,2019-11-24 8:19:2,1574558342,43.72,62.28,26.95,69.45
84F3EBFBE0EB,2019-11-24 8:22:2,1574558522,42.98,59.40,26.96,69.41
84F3EBFBE0EB,2019-11-24 8:25:0,1574558700,42.93,60.72,26.96,69.35
84F3EBFBE0EB,2019-11-24 8:28:4,1574558884,42.12,60.95,26.98,69.33
84F3EBFBE0EB,2019-11-24 8:31:4,1574559064,41.93,60.13,26.99,69.28
84F3EBFBE0EB,2019-11-24 8:34:0,1574559240,42.38,60.02,27.02,69.19
84F3EBFBE0EB,2019-11-24 8:37:0,1574559420,41.47,58.05,27.04,69.12
84F3EBFBE0EB,2019-11-24 8:40:0,1574559600,41.07,58.23,27.03,69.05
84F3EBFBE0EB,2019-11-24 8:43:0,1574559780,40.67,57.32,27.05,68.98
84F3EBFBE0EB,2019-11-24 8:46:0,1574559960,39.85,55.45,27.07,68.92
84F3EBFBE0EB,2019-11-24 8:49:0,1574560140,39.08,54.22,27.09,68.86
84F3EBFBE0EB,2019-11-24 8:52:8,1574560328,39.18,55.42,27.12,68.81
84F3EBFBE0EB,2019-11-24 8:55:0,1574560500,38.32,54.37,27.14,68.81
84F3EBFBE0EB,2019-11-24 8:58:3,1574560683,38.52,54.68,27.17,68.72
84F3EBFBE0EB,2019-11-24 9:1:4,1574560864,38.83,54.12,27.18,68.71
84F3EBFBE0EB,2019-11-24 9:4:0,1574561040,38.20,55.67,27.21,68.65
84F3EBFBE0EB,2019-11-24 9:7:3,1574561223,37.97,54.05,27.24,68.62
84F3EBFBE0EB,2019-11-24 9:10:3,1574561403,37.80,53.35,27.25,68.58
84F3EBFBE0EB,2019-11-24 9:13:1,1574561581,37.68,54.10,27.27,68.59
84F3EBFBE0EB,2019-11-24 9:16:0,1574561760,37.00,51.70,27.31,68.58
84F3EBFBE0EB,2019-11-24 9:19:0,1574561940,36.72,54.77,27.34,68.50
84F3EBFBE0EB,2019-11-24 9:22:0,1574562120,36.87,53.43,27.37,68.44
84F3EBFBE0EB,2019-11-24 9:25:1,1574562301,50.47,80.88,27.36,69.01
84F3EBFBE0EB,2019-11-24 9:28:0,1574562480,61.35,103.55,27.14,70.46
84F3EBFBE0EB,2019-11-24 9:31:0,1574562660,58.45,97.80,27.09,70.21
84F3EBFBE0EB,2019-11-24 9:34:0,1574562840,53.73,90.23,27.12,69.73
84F3EBFBE0EB,2019-11-24 9:37:0,1574563020,49.88,81.33,27.12,69.00
84F3EBFBE0EB,2019-11-24 9:40:0,1574563200,40.90,69.57,27.15,67.69
84F3EBFBE0EB,2019-11-24 9:43:0,1574563380,35.18,59.33,27.05,66.62
84F3EBFBE0EB,2019-11-24 9:46:0,1574563560,37.32,61.90,26.92,67.26
84F3EBFBE0EB,2019-11-24 9:49:0,1574563740,40.95,69.10,26.91,67.80
84F3EBFBE0EB,2019-11-24 9:52:0,1574563920,40.58,69.92,27.00,67.88
84F3EBFBE0EB,2019-11-24 9:55:0,1574564100,43.98,75.10,27.11,67.96
84F3EBFBE0EB,2019-11-24 9:58:0,1574564280,44.02,74.28,27.18,67.30
84F3EBFBE0EB,2019-11-24 10:1:0,1574564460,43.07,72.25,27.11,67.10
84F3EBFBE0EB,2019-11-24 10:4:0,1574564640,39.87,69.60,27.17,67.16
84F3EBFBE0EB,2019-11-24 10:7:0,1574564820,42.62,73.08,27.27,67.21
84F3EBFBE0EB,2019-11-24 10:10:0,1574565000,44.80,75.70,27.36,67.20
84F3EBFBE0EB,2019-11-24 10:13:0,1574565180,40.97,69.02,27.35,65.77
84F3EBFBE0EB,2019-11-24 10:16:0,1574565360,34.78,61.13,27.37,65.14
84F3EBFBE0EB,2019-11-24 10:19:0,1574565540,35.60,62.98,27.42,65.10
84F3EBFBE0EB,2019-11-24 10:22:0,1574565720,33.85,62.20,27.48,64.69
84F3EBFBE0EB,2019-11-24 10:25:0,1574565900,35.60,63.97,27.52,64.93
84F3EBFBE0EB,2019-11-24 10:28:0,1574566080,36.48,65.47,27.62,65.10
84F3EBFBE0EB,2019-11-24 10:31:0,1574566260,34.07,61.52,27.73,64.63
84F3EBFBE0EB,2019-11-24 10:34:0,1574566440,31.73,58.60,27.86,63.49
84F3EBFBE0EB,2019-11-24 10:37:0,1574566620,29.88,53.15,27.95,63.04
84F3EBFBE0EB,2019-11-24 10:40:0,1574566800,28.32,52.48,28.09,62.20
84F3EBFBE0EB,2019-11-24 10:43:0,1574566980,25.62,47.40,28.20,61.34
84F3EBFBE0EB,2019-11-24 10:46:0,1574567160,24.63,45.57,28.28,61.06
84F3EBFBE0EB,2019-11-24 10:49:0,1574567340,23.20,41.32,28.32,60.36
84F3EBFBE0EB,2019-11-24 10:52:2,1574567522,22.82,41.32,28.31,60.51
84F3EBFBE0EB,2019-11-24 10:55:0,1574567700,22.65,40.28,28.35,60.80
84F3EBFBE0EB,2019-11-24 10:58:0,1574567880,23.92,42.05,28.38,60.89
84F3EBFBE0EB,2019-11-24 11:1:0,1574568060,24.78,44.90,28.37,61.21
84F3EBFBE0EB,2019-11-24 11:4:0,1574568240,25.80,44.17,28.36,61.60
84F3EBFBE0EB,2019-11-24 11:7:0,1574568420,25.48,43.65,28.37,61.77
84F3EBFBE0EB,2019-11-24 11:10:0,1574568600,26.35,45.57,28.40,61.88
84F3EBFBE0EB,2019-11-24 11:13:0,1574568780,26.45,45.87,28.42,61.84
84F3EBFBE0EB,2019-11-24 11:43:0,1574570580,17.73,32.45,28.40,58.80
84F3EBFBE0EB,2019-11-24 11:46:0,1574570760,16.75,29.78,28.18,56.09
84F3EBFBE0EB,2019-11-24 11:49:0,1574570940,16.82,29.55,28.01,55.33
84F3EBFBE0EB,2019-11-24 11:52:0,1574571120,17.38,29.03,27.86,54.42
84F3EBFBE0EB,2019-11-24 11:55:0,1574571300,17.45,29.30,27.77,53.92
84F3EBFBE0EB,2019-11-24 11:58:0,1574571480,18.05,28.83,27.66,53.46
84F3EBFBE0EB,2019-11-24 12:1:0,1574571660,18.07,28.17,27.59,53.14
84F3EBFBE0EB,2019-11-24 12:4:0,1574571840,18.55,29.13,27.52,52.47
84F3EBFBE0EB,2019-11-24 12:7:0,1574572020,19.88,32.97,27.47,52.00
84F3EBFBE0EB,2019-11-24 12:10:0,1574572200,19.98,32.37,27.40,51.51
84F3EBFBE0EB,2019-11-24 12:13:0,1574572380,18.98,30.92,27.34,51.18
84F3EBFBE0EB,2019-11-24 12:16:0,1574572560,18.37,30.15,27.32,51.23
84F3EBFBE0EB,2019-11-24 12:19:0,1574572740,19.05,31.17,27.31,51.08
84F3EBFBE0EB,2019-11-24 12:22:0,1574572920,18.58,29.93,27.30,50.94
84F3EBFBE0EB,2019-11-24 12:25:0,1574573100,21.87,37.52,27.27,50.41
84F3EBFBE0EB,2019-11-24 12:28:0,1574573280,22.42,38.93,27.23,49.99
84F3EBFBE0EB,2019-11-24 12:31:0,1574573460,39.82,105.58,27.19,49.92
84F3EBFBE0EB,2019-11-24 12:34:0,1574573640,47.20,141.33,27.17,49.84
84F3EBFBE0EB,2019-11-24 12:37:0,1574573820,45.47,130.55,27.15,49.44
84F3EBFBE0EB,2019-11-24 12:40:0,1574574000,41.80,120.43,27.12,49.32
84F3EBFBE0EB,2019-11-24 12:43:0,1574574180,37.52,99.60,27.10,49.33
84F3EBFBE0EB,2019-11-24 12:46:0,1574574360,36.92,99.57,27.09,49.22
84F3EBFBE0EB,2019-11-24 12:49:0,1574574540,38.95,107.35,27.08,49.23
84F3EBFBE0EB,2019-11-24 12:52:0,1574574720,39.35,103.52,27.07,49.52
84F3EBFBE0EB,2019-11-24 12:55:0,1574574900,35.80,90.43,27.07,49.70
84F3EBFBE0EB,2019-11-24 12:58:0,1574575080,32.82,77.63,27.07,49.45
84F3EBFBE0EB,2019-11-24 13:1:0,1574575260,32.17,72.95,27.02,49.25
84F3EBFBE0EB,2019-11-24 13:4:0,1574575440,30.42,65.43,27.00,49.25
84F3EBFBE0EB,2019-11-24 13:7:0,1574575620,28.72,60.68,26.97,49.24
84F3EBFBE0EB,2019-11-24 13:10:0,1574575800,27.03,55.38,26.97,49.44
84F3EBFBE0EB,2019-11-24 13:13:0,1574575980,25.37,51.45,26.95,49.31
84F3EBFBE0EB,2019-11-24 13:16:0,1574576160,24.50,47.02,26.90,49.23
84F3EBFBE0EB,2019-11-24 13:19:0,1574576340,23.33,43.93,26.84,49.43
84F3EBFBE0EB,2019-11-24 13:22:0,1574576520,22.50,42.40,26.80,49.47
84F3EBFBE0EB,2019-11-24 13:25:0,1574576700,21.97,40.42,26.77,49.39
84F3EBFBE0EB,2019-11-24 13:28:0,1574576880,22.07,39.68,26.71,49.80
84F3EBFBE0EB,2019-11-24 13:31:0,1574577060,24.58,44.72,26.67,49.94
84F3EBFBE0EB,2019-11-24 13:34:0,1574577240,27.00,49.65,26.62,50.16
84F3EBFBE0EB,2019-11-24 13:37:0,1574577420,25.50,47.33,26.59,50.82
84F3EBFBE0EB,2019-11-24 13:40:0,1574577600,24.83,46.03,26.60,50.90
84F3EBFBE0EB,2019-11-24 13:43:0,1574577780,24.10,40.72,26.61,50.83
84F3EBFBE0EB,2019-11-24 13:46:0,1574577960,23.67,38.42,26.60,50.91
84F3EBFBE0EB,2019-11-24 13:49:0,1574578140,22.72,36.98,26.56,51.19
84F3EBFBE0EB,2019-11-24 13:52:0,1574578320,22.78,35.63,26.53,51.59
84F3EBFBE0EB,2019-11-24 13:55:0,1574578500,22.40,38.98,26.55,52.44
84F3EBFBE0EB,2019-11-24 13:58:0,1574578680,21.78,35.60,26.57,52.43
84F3EBFBE0EB,2019-11-24 14:1:0,1574578860,22.03,35.02,26.58,52.66
84F3EBFBE0EB,2019-11-24 14:4:0,1574579040,23.52,37.08,26.61,52.92
84F3EBFBE0EB,2019-11-24 14:7:0,1574579220,23.78,36.65,26.62,53.13
84F3EBFBE0EB,2019-11-24 14:10:0,1574579400,23.17,36.37,26.65,53.23
84F3EBFBE0EB,2019-11-24 14:13:0,1574579580,22.90,34.95,26.68,53.29
84F3EBFBE0EB,2019-11-24 14:16:0,1574579760,22.90,35.23,26.73,53.42
84F3EBFBE0EB,2019-11-24 14:19:0,1574579940,23.03,32.97,26.76,53.24
84F3EBFBE0EB,2019-11-24 14:22:0,1574580120,22.78,31.93,26.76,53.00
84F3EBFBE0EB,2019-11-24 14:25:0,1574580300,22.75,32.83,26.78,52.60
84F3EBFBE0EB,2019-11-24 14:28:0,1574580480,22.42,31.98,26.76,51.80
84F3EBFBE0EB,2019-11-24 14:31:0,1574580660,21.97,29.82,26.74,51.11
84F3EBFBE0EB,2019-11-24 14:34:0,1574580840,22.08,32.50,26.71,50.94
84F3EBFBE0EB,2019-11-24 14:37:0,1574581020,21.87,31.43,26.70,50.92
84F3EBFBE0EB,2019-11-24 14:40:0,1574581200,22.87,31.38,26.70,50.92
84F3EBFBE0EB,2019-11-24 14:43:0,1574581380,23.38,33.52,26.69,51.19
84F3EBFBE0EB,2019-11-24 14:46:0,1574581560,23.98,32.28,26.68,51.00
84F3EBFBE0EB,2019-11-24 14:49:0,1574581740,24.08,31.75,26.66,51.02
84F3EBFBE0EB,2019-11-24 14:52:0,1574581920,24.18,32.88,26.65,51.10
84F3EBFBE0EB,2019-11-24 14:55:0,1574582100,24.27,33.22,26.62,50.71
84F3EBFBE0EB,2019-11-24 14:58:0,1574582280,23.82,32.83,26.57,50.39
84F3EBFBE0EB,2019-11-24 15:1:0,1574582460,23.30,31.43,26.54,50.17
84F3EBFBE0EB,2019-11-24 15:4:0,1574582640,23.32,31.52,26.49,49.82
84F3EBFBE0EB,2019-11-24 15:7:0,1574582820,22.98,29.87,26.48,50.29
84F3EBFBE0EB,2019-11-24 15:10:0,1574583000,23.05,29.97,26.52,53.13
84F3EBFBE0EB,2019-11-24 15:13:0,1574583180,23.27,31.63,26.58,54.76
84F3EBFBE0EB,2019-11-24 15:16:0,1574583360,23.27,31.63,26.63,55.89
84F3EBFBE0EB,2019-11-24 15:19:0,1574583540,23.55,30.22,26.67,56.95
84F3EBFBE0EB,2019-11-24 15:22:0,1574583720,23.80,30.30,26.73,57.99
84F3EBFBE0EB,2019-11-24 15:25:0,1574583900,23.83,30.87,26.77,58.67
84F3EBFBE0EB,2019-11-24 15:28:0,1574584080,23.88,30.18,26.82,59.06
84F3EBFBE0EB,2019-11-24 15:31:0,1574584260,23.75,30.12,26.84,59.15
84F3EBFBE0EB,2019-11-24 15:34:0,1574584440,23.27,30.12,26.84,58.88
84F3EBFBE0EB,2019-11-24 15:37:0,1574584620,23.13,29.42,26.81,58.34
84F3EBFBE0EB,2019-11-24 15:40:0,1574584800,22.45,28.52,26.77,57.24
84F3EBFBE0EB,2019-11-24 15:43:0,1574584980,22.42,29.48,26.67,56.03
84F3EBFBE0EB,2019-11-24 15:46:0,1574585160,22.40,28.72,26.60,56.81
84F3EBFBE0EB,2019-11-24 15:49:0,1574585340,22.80,29.10,26.63,59.43
84F3EBFBE0EB,2019-11-24 15:52:0,1574585520,22.62,28.97,26.69,60.59
84F3EBFBE0EB,2019-11-24 15:55:0,1574585700,23.10,30.97,26.73,61.33
84F3EBFBE0EB,2019-11-24 15:58:0,1574585880,23.50,32.40,26.78,61.71
84F3EBFBE0EB,2019-11-24 16:1:0,1574586060,23.33,32.30,26.81,61.68
84F3EBFBE0EB,2019-11-24 16:4:0,1574586240,22.85,30.75,26.83,61.75
84F3EBFBE0EB,2019-11-24 16:7:0,1574586420,22.62,29.90,26.85,61.52
84F3EBFBE0EB,2019-11-24 16:10:0,1574586600,22.13,29.72,26.83,61.21
84F3EBFBE0EB,2019-11-24 16:13:0,1574586780,21.93,29.45,26.81,60.80
84F3EBFBE0EB,2019-11-24 16:16:0,1574586960,21.35,29.40,26.79,60.49
84F3EBFBE0EB,2019-11-24 16:19:0,1574587140,21.38,29.52,26.85,61.73
84F3EBFBE0EB,2019-11-24 16:22:0,1574587320,21.48,29.00,26.92,62.80
84F3EBFBE0EB,2019-11-24 16:25:0,1574587500,21.27,28.80,26.98,63.26
84F3EBFBE0EB,2019-11-24 16:28:0,1574587680,21.55,30.22,27.02,63.25
84F3EBFBE0EB,2019-11-24 16:31:0,1574587860,21.98,31.18,27.02,63.24
84F3EBFBE0EB,2019-11-24 16:34:0,1574588040,21.52,31.30,27.04,62.63
84F3EBFBE0EB,2019-11-24 16:37:0,1574588220,21.07,31.78,26.99,61.53
84F3EBFBE0EB,2019-11-24 16:40:0,1574588400,21.17,31.23,26.95,62.20
84F3EBFBE0EB,2019-11-24 16:43:0,1574588580,21.05,30.37,26.95,63.54
84F3EBFBE0EB,2019-11-24 16:46:0,1574588760,21.72,31.00,26.99,64.41
84F3EBFBE0EB,2019-11-24 16:49:0,1574588940,22.65,31.78,27.01,64.01
84F3EBFBE0EB,2019-11-24 16:52:0,1574589120,23.20,31.83,27.03,63.70
84F3EBFBE0EB,2019-11-24 16:55:0,1574589300,23.37,31.05,27.04,63.36
84F3EBFBE0EB,2019-11-24 16:58:0,1574589480,23.58,31.18,27.04,63.05
84F3EBFBE0EB,2019-11-24 17:1:0,1574589660,22.78,29.53,27.04,62.77
84F3EBFBE0EB,2019-11-24 17:4:0,1574589840,22.65,30.70,27.02,62.53
84F3EBFBE0EB,2019-11-24 17:7:0,1574590020,22.37,30.17,27.00,62.37
84F3EBFBE0EB,2019-11-24 17:10:0,1574590200,22.27,29.03,26.98,62.19
84F3EBFBE0EB,2019-11-24 17:13:0,1574590380,22.67,30.63,26.97,62.29
84F3EBFBE0EB,2019-11-24 17:16:0,1574590560,22.75,31.15,26.95,62.28
84F3EBFBE0EB,2019-11-24 17:19:0,1574590740,22.77,30.53,26.94,62.42
84F3EBFBE0EB,2019-11-24 17:22:0,1574590920,23.02,30.60,26.94,62.55
84F3EBFBE0EB,2019-11-24 17:25:0,1574591100,22.60,29.52,26.97,62.64
84F3EBFBE0EB,2019-11-24 17:28:0,1574591280,23.07,31.23,26.97,62.76
84F3EBFBE0EB,2019-11-24 17:31:0,1574591460,22.68,29.33,26.97,62.80
84F3EBFBE0EB,2019-11-24 17:34:0,1574591640,23.25,31.02,27.00,62.87
84F3EBFBE0EB,2019-11-24 17:37:0,1574591820,22.87,30.03,27.02,62.84
84F3EBFBE0EB,2019-11-24 17:40:0,1574592000,22.83,32.10,27.03,62.87
84F3EBFBE0EB,2019-11-24 17:43:0,1574592180,23.28,31.68,27.03,62.94
84F3EBFBE0EB,2019-11-24 17:46:0,1574592360,24.13,33.68,27.03,62.99
84F3EBFBE0EB,2019-11-24 17:49:0,1574592540,23.45,31.70,27.02,63.00
84F3EBFBE0EB,2019-11-24 17:52:0,1574592720,23.17,31.37,27.04,63.02
84F3EBFBE0EB,2019-11-24 17:55:0,1574592900,22.70,32.23,27.05,63.04
84F3EBFBE0EB,2019-11-24 17:58:0,1574593080,22.43,30.92,27.05,62.99
84F3EBFBE0EB,2019-11-24 18:1:0,1574593260,21.83,30.30,27.07,62.96
84F3EBFBE0EB,2019-11-24 18:4:0,1574593440,21.78,29.68,27.09,62.92
84F3EBFBE0EB,2019-11-24 18:7:0,1574593620,21.42,30.78,27.10,62.94
84F3EBFBE0EB,2019-11-24 18:10:0,1574593800,21.82,31.12,27.11,62.91
84F3EBFBE0EB,2019-11-24 18:13:0,1574593980,20.92,29.62,27.12,62.87
84F3EBFBE0EB,2019-11-24 18:16:0,1574594160,21.15,28.53,27.14,62.80
84F3EBFBE0EB,2019-11-24 18:19:0,1574594340,21.23,28.93,27.15,62.91
84F3EBFBE0EB,2019-11-24 18:22:0,1574594520,21.15,29.70,27.19,62.98
84F3EBFBE0EB,2019-11-24 18:25:0,1574594700,21.32,29.05,27.22,63.04
84F3EBFBE0EB,2019-11-24 18:28:0,1574594880,21.33,30.30,27.26,63.07
84F3EBFBE0EB,2019-11-24 18:31:0,1574595060,21.02,29.63,27.30,63.09
84F3EBFBE0EB,2019-11-24 18:34:0,1574595240,21.80,30.93,27.34,63.23
84F3EBFBE0EB,2019-11-24 18:37:0,1574595420,21.62,30.53,27.37,63.34
84F3EBFBE0EB,2019-11-24 18:40:0,1574595600,21.50,30.98,27.40,63.36
84F3EBFBE0EB,2019-11-24 18:43:0,1574595780,21.65,31.18,27.42,63.34
84F3EBFBE0EB,2019-11-24 18:46:0,1574595960,21.62,31.02,27.46,63.35
84F3EBFBE0EB,2019-11-24 18:49:0,1574596140,21.77,32.95,27.48,63.42
84F3EBFBE0EB,2019-11-24 18:52:0,1574596320,21.10,30.70,27.50,63.49
84F3EBFBE0EB,2019-11-24 18:55:0,1574596500,21.53,31.08,27.53,63.53
84F3EBFBE0EB,2019-11-24 18:58:0,1574596680,21.58,32.25,27.54,63.60
84F3EBFBE0EB,2019-11-24 19:1:0,1574596860,21.33,33.10,27.57,63.69
84F3EBFBE0EB,2019-11-24 19:4:0,1574597040,20.75,32.32,27.58,63.84
84F3EBFBE0EB,2019-11-24 19:7:0,1574597220,21.15,33.85,27.61,63.98
84F3EBFBE0EB,2019-11-24 19:10:0,1574597400,21.12,32.82,27.61,64.07
84F3EBFBE0EB,2019-11-24 19:13:0,1574597580,21.53,33.92,27.63,64.18
84F3EBFBE0EB,2019-11-24 19:16:0,1574597760,21.12,32.62,27.64,64.25
84F3EBFBE0EB,2019-11-24 19:19:0,1574597940,21.20,33.45,27.65,64.26
84F3EBFBE0EB,2019-11-24 19:22:0,1574598120,21.00,32.23,27.66,64.35
84F3EBFBE0EB,2019-11-24 19:25:0,1574598300,20.82,34.17,27.67,64.39
84F3EBFBE0EB,2019-11-24 19:28:0,1574598480,21.03,34.37,27.68,64.42
84F3EBFBE0EB,2019-11-24 19:31:1,1574598661,20.77,34.23,27.70,64.47
84F3EBFBE0EB,2019-11-24 19:34:1,1574598841,20.88,33.20,27.70,64.55
84F3EBFBE0EB,2019-11-24 19:37:1,1574599021,20.43,31.87,27.72,64.67
84F3EBFBE0EB,2019-11-24 19:40:1,1574599201,20.32,33.90,27.73,64.69
84F3EBFBE0EB,2019-11-24 19:43:6,1574599386,20.13,32.48,27.74,64.79
84F3EBFBE0EB,2019-11-24 19:46:1,1574599561,20.12,32.67,27.75,64.89
84F3EBFBE0EB,2019-11-24 19:49:3,1574599743,20.08,34.10,27.74,64.97
84F3EBFBE0EB,2019-11-24 19:52:1,1574599921,20.17,34.58,27.74,65.09
84F3EBFBE0EB,2019-11-24 19:55:5,1574600105,20.30,33.48,27.72,65.13
84F3EBFBE0EB,2019-11-24 19:58:0,1574600280,20.38,33.05,27.70,65.41
84F3EBFBE0EB,2019-11-24 20:1:1,1574600461,19.57,32.72,27.69,65.46
84F3EBFBE0EB,2019-11-24 20:4:0,1574600640,19.77,31.93,27.68,65.54
84F3EBFBE0EB,2019-11-24 20:7:1,1574600821,19.42,32.17,27.66,65.70
84F3EBFBE0EB,2019-11-24 20:10:0,1574601000,19.77,32.57,27.65,65.74
84F3EBFBE0EB,2019-11-24 20:13:0,1574601180,18.77,29.62,27.64,65.69
84F3EBFBE0EB,2019-11-24 20:16:1,1574601361,18.38,30.38,27.63,65.90
84F3EBFBE0EB,2019-11-24 20:19:0,1574601540,18.13,30.13,27.61,65.92
84F3EBFBE0EB,2019-11-24 20:22:1,1574601721,18.22,30.22,27.61,66.10
84F3EBFBE0EB,2019-11-24 20:25:1,1574601901,18.17,29.60,27.60,66.09
84F3EBFBE0EB,2019-11-24 20:28:1,1574602081,18.40,29.40,27.61,66.06
84F3EBFBE0EB,2019-11-24 20:31:0,1574602260,17.53,28.58,27.60,65.98
84F3EBFBE0EB,2019-11-24 20:34:0,1574602440,17.88,30.37,27.60,65.99
84F3EBFBE0EB,2019-11-24 20:37:0,1574602620,17.27,30.02,27.59,65.95
84F3EBFBE0EB,2019-11-24 20:40:1,1574602801,16.97,28.72,27.59,65.95
84F3EBFBE0EB,2019-11-24 20:43:1,1574602981,16.85,27.50,27.59,66.02
84F3EBFBE0EB,2019-11-24 20:46:0,1574603160,16.58,26.62,27.58,65.91
84F3EBFBE0EB,2019-11-24 20:49:0,1574603340,16.38,25.67,27.58,65.88
84F3EBFBE0EB,2019-11-24 20:52:0,1574603520,16.17,24.93,27.58,65.84
84F3EBFBE0EB,2019-11-24 20:55:0,1574603700,16.22,26.12,27.57,65.83
84F3EBFBE0EB,2019-11-24 20:58:1,1574603881,15.90,24.30,27.57,65.81
84F3EBFBE0EB,2019-11-24 21:1:1,1574604061,16.18,25.72,27.57,65.78
84F3EBFBE0EB,2019-11-24 21:4:1,1574604241,15.78,25.35,27.57,65.76
84F3EBFBE0EB,2019-11-24 21:7:0,1574604420,15.57,24.72,27.56,65.70
84F3EBFBE0EB,2019-11-24 21:10:0,1574604600,15.68,25.77,27.56,65.69
84F3EBFBE0EB,2019-11-24 21:13:0,1574604780,15.12,23.40,27.55,65.71
84F3EBFBE0EB,2019-11-24 21:16:0,1574604960,15.32,25.18,27.55,65.73
84F3EBFBE0EB,2019-11-24 21:19:0,1574605140,15.30,23.07,27.54,65.69
84F3EBFBE0EB,2019-11-24 21:22:0,1574605320,14.80,23.15,27.54,65.67
84F3EBFBE0EB,2019-11-24 21:25:1,1574605501,14.65,22.92,27.52,65.71
84F3EBFBE0EB,2019-11-24 21:28:0,1574605680,14.55,23.57,27.52,65.72
84F3EBFBE0EB,2019-11-24 21:31:0,1574605860,14.80,23.18,27.53,65.66
84F3EBFBE0EB,2019-11-24 21:34:1,1574606041,14.80,23.78,27.53,65.65
84F3EBFBE0EB,2019-11-24 21:37:1,1574606221,14.60,23.32,27.52,65.61
84F3EBFBE0EB,2019-11-24 21:40:0,1574606400,14.28,21.47,27.51,65.61
84F3EBFBE0EB,2019-11-24 21:43:0,1574606580,14.67,22.80,27.50,65.59
84F3EBFBE0EB,2019-11-24 21:46:0,1574606760,14.67,22.05,27.51,65.58
84F3EBFBE0EB,2019-11-24 21:49:1,1574606941,14.55,22.68,27.50,65.57
84F3EBFBE0EB,2019-11-24 21:52:1,1574607121,14.65,23.92,27.49,65.55
84F3EBFBE0EB,2019-11-24 21:55:0,1574607300,14.53,22.68,27.50,65.55
84F3EBFBE0EB,2019-11-24 21:58:0,1574607480,14.60,22.43,27.50,65.54
84F3EBFBE0EB,2019-11-24 22:1:1,1574607661,14.32,21.58,27.49,65.52
84F3EBFBE0EB,2019-11-24 22:4:0,1574607840,14.03,21.15,27.49,65.50
84F3EBFBE0EB,2019-11-24 22:7:0,1574608020,14.05,22.00,27.48,65.52
84F3EBFBE0EB,2019-11-24 22:10:1,1574608201,14.10,21.62,27.48,65.50
84F3EBFBE0EB,2019-11-24 22:13:0,1574608380,14.15,22.28,27.48,65.50
84F3EBFBE0EB,2019-11-24 22:16:1,1574608561,13.60,19.67,27.47,65.49
84F3EBFBE0EB,2019-11-24 22:19:1,1574608741,13.87,21.12,27.47,65.52
84F3EBFBE0EB,2019-11-24 22:22:0,1574608920,13.32,20.78,27.47,65.52
84F3EBFBE0EB,2019-11-24 22:25:0,1574609100,13.22,19.88,27.46,65.50
84F3EBFBE0EB,2019-11-24 22:28:0,1574609280,13.45,20.33,27.46,65.49
84F3EBFBE0EB,2019-11-24 22:31:0,1574609460,13.07,21.08,27.46,65.51
84F3EBFBE0EB,2019-11-24 22:34:0,1574609640,12.88,20.22,27.46,65.51
84F3EBFBE0EB,2019-11-24 22:37:0,1574609820,12.95,20.18,27.46,65.49
84F3EBFBE0EB,2019-11-24 22:40:1,1574610001,12.82,20.37,27.46,65.48
84F3EBFBE0EB,2019-11-24 22:43:1,1574610181,12.93,20.12,27.46,65.50
84F3EBFBE0EB,2019-11-24 22:46:0,1574610360,13.13,19.23,27.45,65.54
84F3EBFBE0EB,2019-11-24 22:49:0,1574610540,12.53,19.43,27.44,65.53
84F3EBFBE0EB,2019-11-24 22:52:0,1574610720,12.58,19.13,27.45,65.55
84F3EBFBE0EB,2019-11-24 22:55:0,1574610900,12.62,18.15,27.44,65.54
84F3EBFBE0EB,2019-11-24 22:58:1,1574611081,12.75,19.93,27.45,65.53
84F3EBFBE0EB,2019-11-24 23:1:0,1574611260,12.35,19.07,27.44,65.52
84F3EBFBE0EB,2019-11-24 23:4:0,1574611440,12.42,18.87,27.43,65.51
84F3EBFBE0EB,2019-11-24 23:7:0,1574611620,12.52,18.88,27.44,65.58
84F3EBFBE0EB,2019-11-24 23:10:0,1574611800,12.10,18.43,27.45,65.60
84F3EBFBE0EB,2019-11-24 23:13:1,1574611981,12.30,18.90,27.44,65.58
84F3EBFBE0EB,2019-11-24 23:16:0,1574612160,12.03,18.48,27.45,65.58
84F3EBFBE0EB,2019-11-24 23:19:0,1574612340,11.92,17.53,27.43,65.60
84F3EBFBE0EB,2019-11-24 23:22:1,1574612521,12.00,17.77,27.44,65.62
84F3EBFBE0EB,2019-11-24 23:25:0,1574612700,11.92,17.67,27.44,65.66
84F3EBFBE0EB,2019-11-24 23:28:2,1574612882,11.97,18.45,27.44,65.63
84F3EBFBE0EB,2019-11-24 23:31:0,1574613060,11.93,17.50,27.44,65.63
84F3EBFBE0EB,2019-11-24 23:34:0,1574613240,11.90,17.88,27.44,65.62
84F3EBFBE0EB,2019-11-24 23:37:0,1574613420,11.60,16.82,27.44,65.61
84F3EBFBE0EB,2019-11-24 23:40:0,1574613600,12.20,17.72,27.44,65.62
84F3EBFBE0EB,2019-11-24 23:43:0,1574613780,12.05,19.08,27.44,65.58
84F3EBFBE0EB,2019-11-24 23:46:0,1574613960,12.13,18.48,27.44,65.62
84F3EBFBE0EB,2019-11-24 23:49:0,1574614140,11.88,18.25,27.44,65.60
84F3EBFBE0EB,2019-11-24 23:52:0,1574614320,12.07,18.08,27.43,65.61
84F3EBFBE0EB,2019-11-24 23:55:0,1574614500,12.08,18.72,27.43,65.59
84F3EBFBE0EB,2019-11-24 23:58:0,1574614680,12.28,19.10,27.43,65.59
