4C11AE10BE14,2019-11-24 0:1:0,1574528460,127.08,196.20,26.32,72.07
4C11AE10BE14,2019-11-24 0:4:2,1574528642,127.10,201.23,26.31,72.06
4C11AE10BE14,2019-11-24 0:7:1,1574528821,125.92,196.93,26.31,72.04
4C11AE10BE14,2019-11-24 0:10:5,1574529005,125.03,195.82,26.30,72.08
4C11AE10BE14,2019-11-24 0:13:1,1574529181,125.40,198.27,26.32,72.06
4C11AE10BE14,2019-11-24 0:16:0,1574529360,124.98,194.80,26.32,72.08
4C11AE10BE14,2019-11-24 0:19:4,1574529544,123.93,193.25,26.34,71.91
4C11AE10BE14,2019-11-24 0:22:1,1574529721,123.68,195.07,26.33,71.90
4C11AE10BE14,2019-11-24 0:25:0,1574529900,118.30,185.15,26.35,71.73
4C11AE10BE14,2019-11-24 0:28:0,1574530080,117.10,182.58,26.36,71.65
4C11AE10BE14,2019-11-24 0:31:0,1574530260,116.42,183.82,26.37,71.57
4C11AE10BE14,2019-11-24 0:34:1,1574530441,116.93,180.52,26.33,71.70
4C11AE10BE14,2019-11-24 0:37:1,1574530621,116.98,181.98,26.34,71.63
4C11AE10BE14,2019-11-24 0:40:1,1574530801,115.85,179.73,26.35,71.48
4C11AE10BE14,2019-11-24 0:43:1,1574530981,115.03,176.97,26.37,71.39
4C11AE10BE14,2019-11-24 0:46:1,1574531161,115.18,173.60,26.37,71.34
4C11AE10BE14,2019-11-24 0:49:0,1574531340,116.97,181.70,26.34,71.49
4C11AE10BE14,2019-11-24 0:52:0,1574531520,118.42,181.93,26.34,71.60
4C11AE10BE14,2019-11-24 0:55:0,1574531700,116.93,176.38,26.36,71.41
4C11AE10BE14,2019-11-24 0:58:1,1574531881,116.28,178.85,26.34,71.43
4C11AE10BE14,2019-11-24 1:1:1,1574532061,117.40,180.18,26.34,71.50
4C11AE10BE14,2019-11-24 1:4:0,1574532240,119.35,181.57,26.35,71.47
4C11AE10BE14,2019-11-24 1:7:0,1574532420,118.62,180.28,26.35,71.47
4C11AE10BE14,2019-11-24 1:10:0,1574532600,117.73,180.02,26.35,71.41
4C11AE10BE14,2019-11-24 1:13:0,1574532780,116.52,174.25,26.35,71.36
4C11AE10BE14,2019-11-24 1:16:0,1574532960,116.08,173.85,26.38,71.34
4C11AE10BE14,2019-11-24 1:19:0,1574533140,114.55,171.70,26.36,71.36
4C11AE10BE14,2019-11-24 1:22:0,1574533320,115.60,171.47,26.35,71.37
4C11AE10BE14,2019-11-24 1:25:0,1574533500,114.40,170.82,26.37,71.22
4C11AE10BE14,2019-11-24 1:28:0,1574533680,113.72,168.58,26.34,71.28
4C11AE10BE14,2019-11-24 1:31:0,1574533860,112.97,166.70,26.36,71.22
4C11AE10BE14,2019-11-24 1:34:0,1574534040,116.08,171.68,26.35,71.41
4C11AE10BE14,2019-11-24 1:37:1,1574534221,114.63,167.90,26.34,71.30
4C11AE10BE14,2019-11-24 1:40:1,1574534401,112.73,166.65,26.36,71.20
4C11AE10BE14,2019-11-24 1:43:1,1574534581,112.22,164.35,26.35,71.16
4C11AE10BE14,2019-11-24 1:46:0,1574534760,112.50,163.88,26.35,71.11
4C11AE10BE14,2019-11-24 1:49:0,1574534940,112.92,164.30,26.35,71.18
4C11AE10BE14,2019-11-24 1:52:0,1574535120,114.87,167.52,26.32,71.40
4C11AE10BE14,2019-11-24 1:55:0,1574535300,114.37,166.52,26.30,71.46
4C11AE10BE14,2019-11-24 1:58:1,1574535481,117.28,169.95,26.28,71.60
4C11AE10BE14,2019-11-24 2:1:1,1574535661,118.37,172.55,26.30,71.70
4C11AE10BE14,2019-11-24 2:4:1,1574535841,117.10,173.63,26.30,71.65
4C11AE10BE14,2019-11-24 2:7:0,1574536020,116.37,170.23,26.30,71.63
4C11AE10BE14,2019-11-24 2:10:0,1574536200,118.38,173.23,26.29,71.71
4C11AE10BE14,2019-11-24 2:13:0,1574536380,116.57,170.03,26.30,71.68
4C11AE10BE14,2019-11-24 2:16:0,1574536560,116.90,169.78,26.31,71.73
4C11AE10BE14,2019-11-24 2:19:0,1574536740,116.37,170.57,26.31,71.57
4C11AE10BE14,2019-11-24 2:22:0,1574536920,114.53,165.92,26.33,71.54
4C11AE10BE14,2019-11-24 2:25:1,1574537101,113.45,162.40,26.34,71.39
4C11AE10BE14,2019-11-24 2:28:1,1574537281,114.35,169.25,26.33,71.50
4C11AE10BE14,2019-11-24 2:31:1,1574537461,113.07,164.28,26.34,71.43
4C11AE10BE14,2019-11-24 2:34:1,1574537641,112.88,162.50,26.33,71.44
4C11AE10BE14,2019-11-24 2:37:1,1574537821,112.70,160.80,26.32,71.47
4C11AE10BE14,2019-11-24 2:40:1,1574538001,112.47,159.40,26.32,71.43
4C11AE10BE14,2019-11-24 2:43:1,1574538181,110.30,158.02,26.33,71.35
4C11AE10BE14,2019-11-24 2:46:1,1574538361,110.18,156.75,26.34,71.34
4C11AE10BE14,2019-11-24 2:49:1,1574538541,110.32,155.95,26.32,71.33
4C11AE10BE14,2019-11-24 2:52:1,1574538721,111.52,158.12,26.33,71.40
4C11AE10BE14,2019-11-24 2:55:1,1574538901,111.17,154.37,26.32,71.44
4C11AE10BE14,2019-11-24 2:58:1,1574539081,111.32,157.68,26.32,71.44
4C11AE10BE14,2019-11-24 3:1:1,1574539261,110.23,154.68,26.33,71.34
4C11AE10BE14,2019-11-24 3:4:0,1574539440,110.25,153.87,26.31,71.41
4C11AE10BE14,2019-11-24 3:7:0,1574539620,107.98,150.90,26.35,71.21
4C11AE10BE14,2019-11-24 3:10:0,1574539800,107.22,150.48,26.33,71.21
4C11AE10BE14,2019-11-24 3:13:0,1574539980,107.50,150.28,26.33,71.27
4C11AE10BE14,2019-11-24 3:16:0,1574540160,108.08,151.50,26.33,71.24
4C11AE10BE14,2019-11-24 3:19:0,1574540340,105.43,147.87,26.35,71.17
4C11AE10BE14,2019-11-24 3:22:0,1574540520,105.25,143.58,26.33,71.15
4C11AE10BE14,2019-11-24 3:25:0,1574540700,104.95,141.72,26.35,71.07
4C11AE10BE14,2019-11-24 3:28:0,1574540880,104.77,145.70,26.36,71.08
4C11AE10BE14,2019-11-24 3:31:0,1574541060,104.38,143.78,26.33,71.10
4C11AE10BE14,2019-11-24 3:34:0,1574541240,102.47,140.08,26.33,71.08
4C11AE10BE14,2019-11-24 3:37:1,1574541421,102.73,140.07,26.36,71.01
4C11AE10BE14,2019-11-24 3:40:1,1574541601,102.15,137.90,26.36,70.95
4C11AE10BE14,2019-11-24 3:43:1,1574541781,102.70,139.65,26.35,71.01
4C11AE10BE14,2019-11-24 3:46:0,1574541960,101.65,136.93,26.35,71.05
4C11AE10BE14,2019-11-24 3:49:0,1574542140,102.85,141.87,26.35,71.10
4C11AE10BE14,2019-11-24 3:52:0,1574542320,101.78,138.27,26.35,71.02
4C11AE10BE14,2019-11-24 3:55:0,1574542500,99.93,136.35,26.36,70.91
4C11AE10BE14,2019-11-24 3:58:0,1574542680,99.65,133.98,26.35,70.94
4C11AE10BE14,2019-11-24 4:1:0,1574542860,100.33,134.12,26.36,70.94
4C11AE10BE14,2019-11-24 4:4:0,1574543040,101.65,138.52,26.37,70.96
4C11AE10BE14,2019-11-24 4:7:0,1574543220,101.45,138.00,26.36,71.00
4C11AE10BE14,2019-11-24 4:10:1,1574543401,101.27,135.65,26.35,70.96
4C11AE10BE14,2019-11-24 4:13:1,1574543581,100.48,133.00,26.34,70.97
4C11AE10BE14,2019-11-24 4:16:1,1574543761,100.67,133.75,26.34,71.00
4C11AE10BE14,2019-11-24 4:19:1,1574543941,100.52,137.45,26.35,70.98
4C11AE10BE14,2019-11-24 4:22:1,1574544121,100.07,134.67,26.35,70.98
4C11AE10BE14,2019-11-24 4:25:1,1574544301,99.70,132.48,26.34,70.98
4C11AE10BE14,2019-11-24 4:28:0,1574544480,99.57,134.02,26.36,70.90
4C11AE10BE14,2019-11-24 4:31:0,1574544660,99.17,132.95,26.35,70.92
4C11AE10BE14,2019-11-24 4:34:0,1574544840,99.63,133.55,26.31,71.00
4C11AE10BE14,2019-11-24 4:37:0,1574545020,98.33,130.58,26.33,70.90
4C11AE10BE14,2019-11-24 4:40:0,1574545200,98.62,133.00,26.32,70.93
4C11AE10BE14,2019-11-24 4:43:0,1574545380,98.63,132.62,26.34,70.86
4C11AE10BE14,2019-11-24 4:46:0,1574545560,97.80,130.23,26.34,70.86
4C11AE10BE14,2019-11-24 4:49:1,1574545741,97.70,131.80,26.34,70.92
4C11AE10BE14,2019-11-24 4:52:1,1574545921,98.07,130.85,26.32,70.92
4C11AE10BE14,2019-11-24 4:55:1,1574546101,97.35,129.17,26.34,70.86
4C11AE10BE14,2019-11-24 4:58:1,1574546281,97.02,129.97,26.33,70.90
4C11AE10BE14,2019-11-24 5:1:1,1574546461,97.48,129.65,26.36,70.83
4C11AE10BE14,2019-11-24 5:4:0,1574546640,98.98,132.42,26.35,70.88
4C11AE10BE14,2019-11-24 5:7:0,1574546820,97.60,129.35,26.35,70.86
4C11AE10BE14,2019-11-24 5:10:1,1574547001,97.52,132.28,26.34,70.90
4C11AE10BE14,2019-11-24 5:13:1,1574547181,96.90,130.70,26.35,70.79
4C11AE10BE14,2019-11-24 5:16:1,1574547361,96.10,125.80,26.33,70.81
4C11AE10BE14,2019-11-24 5:19:1,1574547541,95.48,127.50,26.34,70.76
4C11AE10BE14,2019-11-24 5:22:0,1574547720,95.52,126.90,26.33,70.76
4C11AE10BE14,2019-11-24 5:25:0,1574547900,95.50,127.85,26.35,70.71
4C11AE10BE14,2019-11-24 5:28:0,1574548080,93.60,122.37,26.37,70.58
4C11AE10BE14,2019-11-24 5:31:1,1574548261,94.47,122.68,26.36,70.59
4C11AE10BE14,2019-11-24 5:34:1,1574548441,93.65,121.83,26.36,70.57
4C11AE10BE14,2019-11-24 5:37:0,1574548620,92.20,118.35,26.37,70.47
4C11AE10BE14,2019-11-24 5:40:0,1574548800,91.20,118.75,26.39,70.38
4C11AE10BE14,2019-11-24 5:43:0,1574548980,89.55,114.25,26.40,70.32
4C11AE10BE14,2019-11-24 5:46:0,1574549160,89.17,114.60,26.40,70.24
4C11AE10BE14,2019-11-24 5:49:1,1574549341,87.87,111.08,26.40,70.18
4C11AE10BE14,2019-11-24 5:52:1,1574549521,86.22,109.60,26.40,70.15
4C11AE10BE14,2019-11-24 5:55:0,1574549700,87.18,111.12,26.41,70.12
4C11AE10BE14,2019-11-24 5:58:0,1574549880,86.37,108.92,26.40,70.12
4C11AE10BE14,2019-11-24 6:1:0,1574550060,86.25,107.47,26.38,70.15
4C11AE10BE14,2019-11-24 6:4:1,1574550241,87.08,109.83,26.40,70.13
4C11AE10BE14,2019-11-24 6:7:1,1574550421,88.80,113.22,26.38,70.15
4C11AE10BE14,2019-11-24 6:10:0,1574550600,91.12,116.20,26.38,70.26
4C11AE10BE14,2019-11-24 6:13:0,1574550780,93.83,122.22,26.35,70.41
4C11AE10BE14,2019-11-24 6:16:0,1574550960,92.72,120.97,26.35,70.47
4C11AE10BE14,2019-11-24 6:19:0,1574551140,93.60,123.13,26.36,70.46
4C11AE10BE14,2019-11-24 6:22:0,1574551320,92.55,120.60,26.37,70.39
4C11AE10BE14,2019-11-24 6:25:0,1574551500,92.03,117.73,26.36,70.43
4C11AE10BE14,2019-11-24 6:28:0,1574551680,92.20,119.67,26.35,70.48
4C11AE10BE14,2019-11-24 6:31:0,1574551860,93.23,120.20,26.35,70.44
4C11AE10BE14,2019-11-24 6:34:0,1574552040,92.38,124.02,26.36,70.46
4C11AE10BE14,2019-11-24 6:37:0,1574552220,93.32,124.13,26.36,70.52
4C11AE10BE14,2019-11-24 6:40:1,1574552401,92.78,121.82,26.36,70.50
4C11AE10BE14,2019-11-24 6:43:1,1574552581,93.35,123.48,26.35,70.55
4C11AE10BE14,2019-11-24 6:46:5,1574552765,94.52,122.60,26.35,70.59
4C11AE10BE14,2019-11-24 6:49:0,1574552940,96.97,125.57,26.36,70.54
4C11AE10BE14,2019-11-24 6:52:1,1574553121,99.37,128.00,26.34,70.68
4C11AE10BE14,2019-11-24 6:55:1,1574553301,98.58,129.03,26.33,70.72
4C11AE10BE14,2019-11-24 6:58:0,1574553480,99.47,130.75,26.33,70.79
4C11AE10BE14,2019-11-24 7:1:0,1574553660,98.28,126.87,26.35,70.70
4C11AE10BE14,2019-11-24 7:4:0,1574553840,99.63,131.65,26.35,70.79
4C11AE10BE14,2019-11-24 7:7:0,1574554020,98.98,132.83,26.33,70.97
4C11AE10BE14,2019-11-24 7:10:0,1574554200,99.15,132.80,26.34,70.94
4C11AE10BE14,2019-11-24 7:13:1,1574554381,100.25,135.28,26.33,71.02
4C11AE10BE14,2019-11-24 7:16:1,1574554561,98.78,132.05,26.35,70.90
4C11AE10BE14,2019-11-24 7:19:0,1574554740,99.42,134.83,26.33,71.06
4C11AE10BE14,2019-11-24 7:22:0,1574554920,98.32,131.23,26.38,70.85
4C11AE10BE14,2019-11-24 7:25:0,1574555100,98.53,132.30,26.39,70.82
4C11AE10BE14,2019-11-24 7:28:1,1574555281,97.92,131.15,26.36,70.93
4C11AE10BE14,2019-11-24 7:31:1,1574555461,98.87,134.40,26.39,70.86
4C11AE10BE14,2019-11-24 7:34:1,1574555641,97.68,132.00,26.40,70.84
4C11AE10BE14,2019-11-24 7:37:0,1574555820,96.58,130.60,26.42,70.77
4C11AE10BE14,2019-11-24 7:40:0,1574556000,97.00,132.93,26.41,70.79
4C11AE10BE14,2019-11-24 7:43:0,1574556180,96.42,131.23,26.43,70.75
4C11AE10BE14,2019-11-24 7:46:0,1574556360,95.92,130.12,26.45,70.72
4C11AE10BE14,2019-11-24 7:49:0,1574556540,96.45,129.00,26.44,70.71
4C11AE10BE14,2019-11-24 7:52:0,1574556720,95.80,128.82,26.46,70.69
4C11AE10BE14,2019-11-24 7:55:0,1574556900,97.13,128.48,26.44,70.81
4C11AE10BE14,2019-11-24 7:58:0,1574557080,96.68,131.43,26.46,70.70
4C11AE10BE14,2019-11-24 8:1:1,1574557261,95.97,128.90,26.47,70.67
4C11AE10BE14,2019-11-24 8:4:1,1574557441,95.30,126.75,26.47,70.58
4C11AE10BE14,2019-11-24 8:7:1,1574557621,94.73,127.87,26.48,70.59
4C11AE10BE14,2019-11-24 8:10:1,1574557801,94.42,127.70,26.50,70.58
4C11AE10BE14,2019-11-24 8:13:0,1574557980,96.30,132.57,26.49,70.63
4C11AE10BE14,2019-11-24 8:16:0,1574558160,94.02,128.43,26.51,70.51
4C11AE10BE14,2019-11-24 8:19:0,1574558340,95.12,130.02,26.52,70.48
4C11AE10BE14,2019-11-24 8:22:0,1574558520,96.20,129.73,26.54,70.41
4C11AE10BE14,2019-11-24 8:25:1,1574558701,95.10,127.97,26.57,70.36
4C11AE10BE14,2019-11-24 8:28:1,1574558881,94.43,123.45,26.58,70.27
4C11AE10BE14,2019-11-24 8:31:5,1574559065,94.08,125.77,26.60,70.15
4C11AE10BE14,2019-11-24 8:34:2,1574559242,93.55,125.58,26.63,70.05
4C11AE10BE14,2019-11-24 8:37:0,1574559420,93.32,121.32,26.65,69.90
4C11AE10BE14,2019-11-24 8:40:1,1574559601,91.90,122.15,26.68,69.76
4C11AE10BE14,2019-11-24 8:43:0,1574559780,91.12,118.42,26.74,69.58
4C11AE10BE14,2019-11-24 8:46:0,1574559960,90.78,120.62,26.77,69.47
4C11AE10BE14,2019-11-24 8:49:1,1574560141,89.87,117.63,26.79,69.38
4C11AE10BE14,2019-11-24 8:52:1,1574560321,89.52,117.00,26.84,69.29
4C11AE10BE14,2019-11-24 8:55:0,1574560500,89.72,119.45,26.85,69.25
4C11AE10BE14,2019-11-24 8:58:4,1574560684,88.23,115.78,26.89,69.15
4C11AE10BE14,2019-11-24 9:1:1,1574560861,87.78,116.00,26.90,69.16
4C11AE10BE14,2019-11-24 9:4:0,1574561040,87.15,113.47,26.95,69.02
4C11AE10BE14,2019-11-24 9:7:0,1574561220,87.87,116.15,26.94,69.10
4C11AE10BE14,2019-11-24 9:10:0,1574561400,87.68,115.65,26.97,69.02
4C11AE10BE14,2019-11-24 9:13:1,1574561581,85.73,112.43,27.09,68.87
4C11AE10BE14,2019-11-24 9:16:1,1574561761,84.75,113.20,27.10,68.83
4C11AE10BE14,2019-11-24 9:19:1,1574561941,85.52,114.37,27.14,68.80
4C11AE10BE14,2019-11-24 9:22:2,1574562122,84.82,113.12,27.14,68.67
4C11AE10BE14,2019-11-24 9:25:1,1574562301,106.35,166.95,26.88,70.12
4C11AE10BE14,2019-11-24 9:28:0,1574562480,124.18,202.77,26.55,72.00
4C11AE10BE14,2019-11-24 9:31:0,1574562660,119.65,202.98,26.73,71.19
4C11AE10BE14,2019-11-24 9:34:0,1574562840,112.63,188.75,26.92,69.89
4C11AE10BE14,2019-11-24 9:37:0,1574563020,103.57,166.70,26.95,68.96
4C11AE10BE14,2019-11-24 9:40:0,1574563200,89.28,145.37,26.94,67.67
4C11AE10BE14,2019-11-24 9:43:0,1574563380,81.68,132.23,26.70,67.20
4C11AE10BE14,2019-11-24 9:46:0,1574563560,83.53,136.48,26.63,67.76
4C11AE10BE14,2019-11-24 9:49:0,1574563740,90.22,145.08,26.81,67.71
4C11AE10BE14,2019-11-24 9:52:0,1574563920,89.00,145.07,27.12,67.03
4C11AE10BE14,2019-11-24 9:55:0,1574564100,95.20,154.10,27.15,67.25
4C11AE10BE14,2019-11-24 9:58:0,1574564280,96.35,156.70,27.02,67.09
4C11AE10BE14,2019-11-24 10:1:0,1574564460,95.42,155.58,26.82,67.56
4C11AE10BE14,2019-11-24 10:4:0,1574564640,91.63,151.05,27.21,66.68
4C11AE10BE14,2019-11-24 10:7:0,1574564820,94.67,152.45,27.32,66.51
4C11AE10BE14,2019-11-24 10:10:0,1574565000,97.17,161.92,27.45,66.47
4C11AE10BE14,2019-11-24 10:13:0,1574565180,90.55,149.35,27.16,65.66
4C11AE10BE14,2019-11-24 10:16:0,1574565360,81.82,130.97,27.37,64.67
4C11AE10BE14,2019-11-24 10:19:0,1574565540,80.95,132.32,27.48,64.30
4C11AE10BE14,2019-11-24 10:22:0,1574565720,78.52,131.70,27.51,64.01
4C11AE10BE14,2019-11-24 10:25:0,1574565900,81.62,140.27,27.70,63.87
4C11AE10BE14,2019-11-24 10:28:0,1574566080,82.78,139.08,27.89,63.82
4C11AE10BE14,2019-11-24 10:31:0,1574566260,77.40,129.30,28.04,62.97
4C11AE10BE14,2019-11-24 10:34:0,1574566440,72.87,119.67,27.98,62.11
4C11AE10BE14,2019-11-24 10:37:0,1574566620,70.05,118.38,28.12,61.68
4C11AE10BE14,2019-11-24 10:40:0,1574566800,67.00,107.42,28.34,60.67
4C11AE10BE14,2019-11-24 10:43:0,1574566980,64.13,101.73,28.30,60.16
4C11AE10BE14,2019-11-24 10:46:0,1574567160,62.08,98.33,28.38,59.87
4C11AE10BE14,2019-11-24 10:49:0,1574567340,58.93,91.52,28.11,60.25
4C11AE10BE14,2019-11-24 10:52:6,1574567526,58.28,89.05,28.24,60.22
4C11AE10BE14,2019-11-24 10:55:0,1574567700,57.53,86.32,28.39,60.12
4C11AE10BE14,2019-11-24 10:58:0,1574567880,60.22,89.93,28.34,60.49
4C11AE10BE14,2019-11-24 11:1:0,1574568060,61.88,97.45,28.19,61.13
4C11AE10BE14,2019-11-24 11:4:0,1574568240,62.45,97.22,28.12,61.70
4C11AE10BE14,2019-11-24 11:7:0,1574568420,62.75,96.18,28.25,61.65
4C11AE10BE14,2019-11-24 11:10:0,1574568600,64.25,98.63,28.20,61.80
4C11AE10BE14,2019-11-24 11:13:0,1574568780,65.38,99.17,28.13,62.11
4C11AE10BE14,2019-11-24 11:43:0,1574570580,47.58,68.58,27.82,58.16
4C11AE10BE14,2019-11-24 11:46:0,1574570760,46.32,65.52,27.83,56.20
4C11AE10BE14,2019-11-24 11:49:0,1574570940,46.60,61.93,27.73,55.25
4C11AE10BE14,2019-11-24 11:52:0,1574571120,46.98,60.63,27.73,53.80
4C11AE10BE14,2019-11-24 11:55:0,1574571300,48.85,66.90,27.65,53.52
4C11AE10BE14,2019-11-24 11:58:0,1574571480,50.98,66.32,27.47,53.02
4C11AE10BE14,2019-11-24 12:1:0,1574571660,50.80,64.63,27.29,52.78
4C11AE10BE14,2019-11-24 12:4:0,1574571840,51.05,65.62,27.24,52.35
4C11AE10BE14,2019-11-24 12:7:0,1574572020,54.48,73.95,27.17,51.72
4C11AE10BE14,2019-11-24 12:10:0,1574572200,55.18,72.07,27.13,51.18
4C11AE10BE14,2019-11-24 12:13:0,1574572380,54.70,71.87,27.05,50.92
4C11AE10BE14,2019-11-24 12:16:0,1574572560,53.07,68.22,27.06,50.94
4C11AE10BE14,2019-11-24 12:19:0,1574572740,52.62,69.70,27.07,50.80
4C11AE10BE14,2019-11-24 12:22:0,1574572920,52.45,70.48,27.09,50.61
4C11AE10BE14,2019-11-24 12:25:0,1574573100,58.32,81.90,26.99,50.15
4C11AE10BE14,2019-11-24 12:28:0,1574573280,58.78,83.07,26.92,49.82
4C11AE10BE14,2019-11-24 12:31:0,1574573460,83.53,199.43,26.90,49.66
4C11AE10BE14,2019-11-24 12:34:0,1574573640,99.85,275.20,26.87,49.75
4C11AE10BE14,2019-11-24 12:37:0,1574573820,93.73,251.65,26.82,49.37
4C11AE10BE14,2019-11-24 12:40:0,1574574000,87.15,222.62,26.81,49.19
4C11AE10BE14,2019-11-24 12:43:0,1574574180,82.87,195.80,26.85,49.12
4C11AE10BE14,2019-11-24 12:46:0,1574574360,82.50,193.55,26.73,49.22
4C11AE10BE14,2019-11-24 12:49:0,1574574540,87.53,207.32,26.73,49.42
4C11AE10BE14,2019-11-24 12:52:0,1574574720,86.07,194.57,26.77,49.56
4C11AE10BE14,2019-11-24 12:55:0,1574574900,81.20,171.67,26.80,49.98
4C11AE10BE14,2019-11-24 12:58:0,1574575080,76.97,154.05,26.74,49.50
4C11AE10BE14,2019-11-24 13:1:0,1574575260,73.42,140.15,26.65,49.32
4C11AE10BE14,2019-11-24 13:4:0,1574575440,72.52,135.15,26.69,49.23
4C11AE10BE14,2019-11-24 13:7:0,1574575620,70.95,125.58,26.68,49.28
4C11AE10BE14,2019-11-24 13:10:0,1574575800,66.73,118.27,26.72,49.50
4C11AE10BE14,2019-11-24 13:13:0,1574575980,64.05,105.93,26.55,49.63
4C11AE10BE14,2019-11-24 13:16:0,1574576160,62.35,98.87,26.48,49.53
4C11AE10BE14,2019-11-24 13:19:0,1574576340,60.70,95.10,26.50,49.73
4C11AE10BE14,2019-11-24 13:22:0,1574576520,59.88,90.50,26.30,49.85
4C11AE10BE14,2019-11-24 13:25:0,1574576700,59.37,91.42,26.27,50.28
4C11AE10BE14,2019-11-24 13:28:0,1574576880,59.30,92.27,26.23,50.48
4C11AE10BE14,2019-11-24 13:31:0,1574577060,67.25,108.82,26.16,50.65
4C11AE10BE14,2019-11-24 13:34:0,1574577240,67.57,110.02,26.08,50.95
4C11AE10BE14,2019-11-24 13:37:0,1574577420,65.60,102.22,26.22,51.25
4C11AE10BE14,2019-11-24 13:40:0,1574577600,63.97,99.05,26.12,51.43
4C11AE10BE14,2019-11-24 13:43:7,1574577787,62.53,91.48,26.07,51.61
4C11AE10BE14,2019-11-24 13:46:0,1574577960,60.73,86.52,26.14,51.50
4C11AE10BE14,2019-11-24 13:49:0,1574578140,60.08,82.50,26.21,51.71
4C11AE10BE14,2019-11-24 13:52:0,1574578320,60.75,81.82,26.15,52.14
4C11AE10BE14,2019-11-24 13:55:0,1574578500,59.47,82.92,26.29,52.81
4C11AE10BE14,2019-11-24 13:58:0,1574578680,58.70,81.27,26.33,52.70
4C11AE10BE14,2019-11-24 14:1:0,1574578860,60.32,79.80,26.27,53.18
4C11AE10BE14,2019-11-24 14:4:0,1574579040,63.27,85.37,26.37,53.27
4C11AE10BE14,2019-11-24 14:7:0,1574579220,63.03,82.93,26.42,53.29
4C11AE10BE14,2019-11-24 14:10:0,1574579400,62.67,84.30,26.46,53.28
4C11AE10BE14,2019-11-24 14:13:0,1574579580,60.78,79.00,26.49,53.34
4C11AE10BE14,2019-11-24 14:16:0,1574579760,61.22,80.75,26.58,53.43
4C11AE10BE14,2019-11-24 14:19:0,1574579940,61.25,76.80,26.65,53.13
4C11AE10BE14,2019-11-24 14:22:0,1574580120,61.17,74.37,26.61,52.90
4C11AE10BE14,2019-11-24 14:25:0,1574580300,61.77,75.87,26.67,52.35
4C11AE10BE14,2019-11-24 14:28:0,1574580480,61.12,74.90,26.55,51.64
4C11AE10BE14,2019-11-24 14:31:0,1574580660,60.77,72.23,26.61,50.93
4C11AE10BE14,2019-11-24 14:34:0,1574580840,61.25,74.45,26.59,50.68
4C11AE10BE14,2019-11-24 14:37:0,1574581020,61.03,72.70,26.53,50.76
4C11AE10BE14,2019-11-24 14:40:0,1574581200,62.42,75.57,26.54,50.94
4C11AE10BE14,2019-11-24 14:43:0,1574581380,61.82,74.75,26.58,50.95
4C11AE10BE14,2019-11-24 14:46:0,1574581560,61.93,71.92,26.51,50.90
4C11AE10BE14,2019-11-24 14:49:0,1574581740,63.42,74.53,26.50,50.96
4C11AE10BE14,2019-11-24 14:52:0,1574581920,63.33,75.40,26.43,51.15
4C11AE10BE14,2019-11-24 14:55:0,1574582100,62.58,73.02,26.43,50.72
4C11AE10BE14,2019-11-24 14:58:0,1574582280,63.00,73.63,26.41,50.30
4C11AE10BE14,2019-11-24 15:1:0,1574582460,61.90,69.87,26.33,50.16
4C11AE10BE14,2019-11-24 15:4:0,1574582640,61.33,69.42,26.20,49.83
4C11AE10BE14,2019-11-24 15:7:0,1574582820,62.55,70.37,26.23,50.87
4C11AE10BE14,2019-11-24 15:10:0,1574583000,62.33,72.65,26.36,53.71
4C11AE10BE14,2019-11-24 15:13:0,1574583180,63.05,73.62,26.50,54.98
4C11AE10BE14,2019-11-24 15:16:0,1574583360,62.55,73.47,26.53,56.16
4C11AE10BE14,2019-11-24 15:19:0,1574583540,58.82,68.24,26.63,57.38
4C11AE10BE14,2019-11-24 15:22:0,1574583720,63.40,72.48,26.55,58.66
4C11AE10BE14,2019-11-24 15:25:4,1574583904,63.42,72.55,26.59,59.37
4C11AE10BE14,2019-11-24 15:28:0,1574584080,63.83,71.90,26.65,59.60
4C11AE10BE14,2019-11-24 15:31:0,1574584260,63.38,71.68,26.62,59.67
4C11AE10BE14,2019-11-24 15:34:0,1574584440,63.10,70.68,26.58,59.33
4C11AE10BE14,2019-11-24 15:37:0,1574584620,62.75,71.03,26.46,58.78
4C11AE10BE14,2019-11-24 15:40:0,1574584800,61.02,68.63,26.26,57.91
4C11AE10BE14,2019-11-24 15:43:0,1574584980,61.77,70.35,26.14,56.85
4C11AE10BE14,2019-11-24 15:46:0,1574585160,60.82,69.17,26.28,57.75
4C11AE10BE14,2019-11-24 15:49:0,1574585340,60.43,69.72,26.50,60.02
4C11AE10BE14,2019-11-24 15:52:0,1574585520,62.38,71.97,26.52,61.20
4C11AE10BE14,2019-11-24 15:55:0,1574585700,62.00,73.27,26.54,61.93
4C11AE10BE14,2019-11-24 15:58:0,1574585880,62.65,74.87,26.57,62.25
4C11AE10BE14,2019-11-24 16:1:0,1574586060,62.23,74.22,26.63,62.22
4C11AE10BE14,2019-11-24 16:4:0,1574586240,61.80,71.22,26.68,62.12
4C11AE10BE14,2019-11-24 16:7:0,1574586420,61.37,73.78,26.68,61.88
4C11AE10BE14,2019-11-24 16:10:0,1574586600,59.98,69.38,26.65,61.55
4C11AE10BE14,2019-11-24 16:13:0,1574586780,59.83,68.58,26.61,60.96
4C11AE10BE14,2019-11-24 16:16:0,1574586960,59.83,70.52,26.58,61.02
4C11AE10BE14,2019-11-24 16:19:0,1574587140,62.05,73.22,26.58,66.91
4C11AE10BE14,2019-11-24 16:22:0,1574587320,61.30,71.60,26.57,65.92
4C11AE10BE14,2019-11-24 16:25:0,1574587500,60.93,70.05,26.55,65.59
4C11AE10BE14,2019-11-24 16:28:0,1574587680,60.28,74.20,26.53,65.97
4C11AE10BE14,2019-11-24 16:31:0,1574587860,60.40,74.08,26.53,65.34
4C11AE10BE14,2019-11-24 16:34:0,1574588040,59.30,71.58,26.46,64.65
4C11AE10BE14,2019-11-24 16:37:0,1574588220,59.33,72.43,26.25,63.93
4C11AE10BE14,2019-11-24 16:40:0,1574588400,59.38,76.43,26.34,64.59
4C11AE10BE14,2019-11-24 16:43:0,1574588580,59.85,73.32,26.49,65.52
4C11AE10BE14,2019-11-24 16:46:0,1574588760,61.52,75.52,26.57,66.18
4C11AE10BE14,2019-11-24 16:49:0,1574588940,62.55,74.75,26.55,65.42
4C11AE10BE14,2019-11-24 16:52:0,1574589120,62.63,76.13,26.54,65.10
4C11AE10BE14,2019-11-24 16:55:0,1574589300,63.58,74.75,26.54,64.70
4C11AE10BE14,2019-11-24 16:58:0,1574589480,63.17,73.63,26.55,64.35
4C11AE10BE14,2019-11-24 17:1:0,1574589660,62.30,73.80,26.55,64.02
4C11AE10BE14,2019-11-24 17:4:0,1574589840,61.38,71.12,26.54,63.63
4C11AE10BE14,2019-11-24 17:7:0,1574590020,61.07,71.02,26.50,63.56
4C11AE10BE14,2019-11-24 17:10:0,1574590200,61.00,70.53,26.47,63.37
4C11AE10BE14,2019-11-24 17:13:0,1574590380,62.20,72.08,26.51,63.38
4C11AE10BE14,2019-11-24 17:16:0,1574590560,62.65,74.32,26.46,63.45
4C11AE10BE14,2019-11-24 17:19:0,1574590740,63.63,74.25,26.47,63.60
4C11AE10BE14,2019-11-24 17:22:0,1574590920,62.45,73.07,26.48,63.71
4C11AE10BE14,2019-11-24 17:25:0,1574591100,62.83,73.07,26.55,63.66
4C11AE10BE14,2019-11-24 17:28:0,1574591280,62.32,72.13,26.57,63.76
4C11AE10BE14,2019-11-24 17:31:0,1574591460,62.75,72.72,26.59,63.70
4C11AE10BE14,2019-11-24 17:34:0,1574591640,62.27,73.55,26.59,63.80
4C11AE10BE14,2019-11-24 17:37:0,1574591820,62.75,72.67,26.62,63.73
4C11AE10BE14,2019-11-24 17:40:0,1574592000,62.83,73.30,26.59,63.86
4C11AE10BE14,2019-11-24 17:43:0,1574592180,62.55,73.40,26.61,63.95
4C11AE10BE14,2019-11-24 17:46:0,1574592360,63.02,74.70,26.66,63.78
4C11AE10BE14,2019-11-24 17:49:0,1574592540,61.88,72.10,26.65,63.84
4C11AE10BE14,2019-11-24 17:52:0,1574592720,61.65,72.68,26.66,63.82
4C11AE10BE14,2019-11-24 17:55:0,1574592900,61.60,72.42,26.67,63.78
4C11AE10BE14,2019-11-24 17:58:0,1574593080,60.72,72.98,26.67,63.84
4C11AE10BE14,2019-11-24 18:1:0,1574593260,60.82,72.07,26.69,63.80
4C11AE10BE14,2019-11-24 18:4:0,1574593440,59.88,71.72,26.70,63.72
4C11AE10BE14,2019-11-24 18:7:0,1574593620,59.97,72.52,26.74,63.67
4C11AE10BE14,2019-11-24 18:10:0,1574593800,59.83,71.00,26.73,63.70
4C11AE10BE14,2019-11-24 18:13:0,1574593980,58.58,68.77,26.75,63.64
4C11AE10BE14,2019-11-24 18:16:0,1574594160,58.40,68.83,26.75,63.61
4C11AE10BE14,2019-11-24 18:19:0,1574594340,58.53,69.03,26.81,63.59
4C11AE10BE14,2019-11-24 18:22:0,1574594520,59.30,70.08,26.90,63.56
4C11AE10BE14,2019-11-24 18:25:0,1574594700,58.92,68.22,26.94,63.59
4C11AE10BE14,2019-11-24 18:28:0,1574594880,58.57,71.73,26.96,63.63
4C11AE10BE14,2019-11-24 18:31:0,1574595060,57.82,69.15,27.04,63.53
4C11AE10BE14,2019-11-24 18:34:0,1574595240,58.53,70.73,27.08,63.62
4C11AE10BE14,2019-11-24 18:37:0,1574595420,58.67,71.60,27.10,63.78
4C11AE10BE14,2019-11-24 18:40:0,1574595600,58.72,69.65,27.10,63.93
4C11AE10BE14,2019-11-24 18:43:0,1574595780,57.42,70.08,27.14,63.93
4C11AE10BE14,2019-11-24 18:46:0,1574595960,57.67,70.08,27.14,63.97
4C11AE10BE14,2019-11-24 18:49:0,1574596140,58.47,73.53,27.16,64.07
4C11AE10BE14,2019-11-24 18:52:0,1574596320,58.32,70.77,27.20,64.04
4C11AE10BE14,2019-11-24 18:55:0,1574596500,58.57,72.28,27.25,64.02
4C11AE10BE14,2019-11-24 18:58:0,1574596680,58.62,72.97,27.24,64.19
4C11AE10BE14,2019-11-24 19:1:0,1574596860,57.90,71.72,27.25,64.30
4C11AE10BE14,2019-11-24 19:4:0,1574597040,58.13,74.22,27.25,64.47
4C11AE10BE14,2019-11-24 19:7:0,1574597220,57.58,73.97,27.26,64.69
4C11AE10BE14,2019-11-24 19:10:0,1574597400,56.40,73.55,27.28,64.81
4C11AE10BE14,2019-11-24 19:13:0,1574597580,56.92,74.35,27.35,64.68
4C11AE10BE14,2019-11-24 19:16:0,1574597760,57.37,74.65,27.39,64.65
4C11AE10BE14,2019-11-24 19:19:0,1574597940,57.02,75.08,27.34,64.90
4C11AE10BE14,2019-11-24 19:22:0,1574598120,57.75,76.20,27.35,64.92
4C11AE10BE14,2019-11-24 19:25:0,1574598300,57.52,74.65,27.37,64.93
4C11AE10BE14,2019-11-24 19:28:0,1574598480,56.55,75.85,27.36,65.02
4C11AE10BE14,2019-11-24 19:31:1,1574598661,57.28,74.50,27.41,65.00
4C11AE10BE14,2019-11-24 19:34:1,1574598841,56.82,73.58,27.40,65.13
4C11AE10BE14,2019-11-24 19:37:1,1574599021,53.67,72.47,27.40,65.31
4C11AE10BE14,2019-11-24 19:40:0,1574599200,52.98,72.62,27.39,65.38
4C11AE10BE14,2019-11-24 19:43:1,1574599381,52.78,71.77,27.46,65.34
4C11AE10BE14,2019-11-24 19:46:1,1574599561,52.95,70.68,27.40,65.61
4C11AE10BE14,2019-11-24 19:49:1,1574599741,52.83,72.62,27.33,65.94
4C11AE10BE14,2019-11-24 19:52:0,1574599920,52.12,72.03,27.31,66.05
4C11AE10BE14,2019-11-24 19:55:0,1574600100,52.45,71.72,27.27,66.24
4C11AE10BE14,2019-11-24 19:58:1,1574600281,52.13,72.03,27.31,66.31
4C11AE10BE14,2019-11-24 20:1:1,1574600461,50.90,71.57,27.26,66.46
4C11AE10BE14,2019-11-24 20:4:0,1574600640,51.42,71.87,27.21,66.62
4C11AE10BE14,2019-11-24 20:7:1,1574600821,51.25,72.50,27.17,66.87
4C11AE10BE14,2019-11-24 20:10:0,1574601000,50.98,70.20,27.16,66.91
4C11AE10BE14,2019-11-24 20:13:0,1574601180,50.17,70.15,27.15,66.99
4C11AE10BE14,2019-11-24 20:16:0,1574601360,49.43,68.33,27.16,67.04
4C11AE10BE14,2019-11-24 20:19:0,1574601540,49.73,70.80,27.11,67.18
4C11AE10BE14,2019-11-24 20:22:1,1574601721,48.60,68.82,27.08,67.43
4C11AE10BE14,2019-11-24 20:25:1,1574601901,48.17,66.08,27.06,67.45
4C11AE10BE14,2019-11-24 20:28:0,1574602080,48.40,66.85,27.08,67.32
4C11AE10BE14,2019-11-24 20:31:0,1574602260,49.22,68.35,27.09,67.21
4C11AE10BE14,2019-11-24 20:34:0,1574602440,47.82,62.10,27.08,67.27
4C11AE10BE14,2019-11-24 20:37:1,1574602621,48.13,64.17,27.06,67.27
4C11AE10BE14,2019-11-24 20:40:1,1574602801,47.30,61.88,27.07,67.17
4C11AE10BE14,2019-11-24 20:43:1,1574602981,47.08,63.58,27.07,67.21
4C11AE10BE14,2019-11-24 20:46:1,1574603161,46.40,60.45,27.05,67.16
4C11AE10BE14,2019-11-24 20:49:0,1574603340,45.28,60.15,27.05,67.16
4C11AE10BE14,2019-11-24 20:52:0,1574603520,45.20,57.40,27.04,67.09
4C11AE10BE14,2019-11-24 20:55:0,1574603700,45.58,60.67,27.05,67.06
4C11AE10BE14,2019-11-24 20:58:1,1574603881,45.52,58.87,27.05,67.08
4C11AE10BE14,2019-11-24 21:1:1,1574604061,45.20,58.00,27.04,67.03
4C11AE10BE14,2019-11-24 21:4:0,1574604240,44.80,58.50,27.04,67.00
4C11AE10BE14,2019-11-24 21:7:0,1574604420,44.40,58.38,27.03,66.94
4C11AE10BE14,2019-11-24 21:10:0,1574604600,44.98,56.62,27.03,66.94
4C11AE10BE14,2019-11-24 21:13:0,1574604780,44.43,56.45,27.00,66.96
4C11AE10BE14,2019-11-24 21:16:0,1574604960,43.78,55.45,26.99,66.99
4C11AE10BE14,2019-11-24 21:19:0,1574605140,43.30,55.37,27.00,66.98
4C11AE10BE14,2019-11-24 21:22:1,1574605321,42.73,54.90,26.97,67.02
4C11AE10BE14,2019-11-24 21:25:1,1574605501,42.73,53.87,26.97,67.02
4C11AE10BE14,2019-11-24 21:28:0,1574605680,42.47,53.55,26.99,66.97
4C11AE10BE14,2019-11-24 21:31:0,1574605860,42.83,53.80,26.97,67.00
4C11AE10BE14,2019-11-24 21:34:1,1574606041,42.65,53.83,26.97,66.96
4C11AE10BE14,2019-11-24 21:37:0,1574606220,42.42,50.87,26.97,66.91
4C11AE10BE14,2019-11-24 21:40:0,1574606400,42.58,52.77,26.94,66.99
4C11AE10BE14,2019-11-24 21:43:0,1574606580,41.93,51.98,26.96,66.89
4C11AE10BE14,2019-11-24 21:46:1,1574606761,41.95,53.77,26.96,66.89
4C11AE10BE14,2019-11-24 21:49:1,1574606941,42.10,52.42,26.99,66.77
4C11AE10BE14,2019-11-24 21:52:1,1574607121,42.22,50.73,26.98,66.73
4C11AE10BE14,2019-11-24 21:55:0,1574607300,42.15,52.88,26.97,66.83
4C11AE10BE14,2019-11-24 21:58:0,1574607480,41.73,51.97,26.95,66.79
4C11AE10BE14,2019-11-24 22:1:1,1574607661,42.02,53.27,26.96,66.77
4C11AE10BE14,2019-11-24 22:4:0,1574607840,42.05,53.53,26.94,66.81
4C11AE10BE14,2019-11-24 22:7:1,1574608021,41.15,48.23,26.94,66.75
4C11AE10BE14,2019-11-24 22:10:1,1574608201,40.95,51.78,26.93,66.82
4C11AE10BE14,2019-11-24 22:13:0,1574608380,40.90,50.72,26.95,66.72
4C11AE10BE14,2019-11-24 22:16:1,1574608561,40.65,51.73,26.95,66.68
4C11AE10BE14,2019-11-24 22:19:1,1574608741,40.65,48.90,26.93,66.69
4C11AE10BE14,2019-11-24 22:22:0,1574608920,40.68,50.03,26.91,66.83
4C11AE10BE14,2019-11-24 22:25:0,1574609100,40.95,48.77,26.93,66.71
4C11AE10BE14,2019-11-24 22:28:0,1574609280,40.72,49.52,26.94,66.70
4C11AE10BE14,2019-11-24 22:31:1,1574609461,40.58,49.05,26.93,66.73
4C11AE10BE14,2019-11-24 22:34:0,1574609640,39.10,46.78,26.94,66.67
4C11AE10BE14,2019-11-24 22:37:0,1574609820,39.82,47.92,26.93,66.66
4C11AE10BE14,2019-11-24 22:40:0,1574610000,38.93,46.85,26.94,66.62
4C11AE10BE14,2019-11-24 22:43:1,1574610181,40.07,48.80,26.92,66.75
4C11AE10BE14,2019-11-24 22:46:0,1574610360,38.82,46.67,26.92,66.79
4C11AE10BE14,2019-11-24 22:49:0,1574610540,38.77,45.92,26.91,66.69
4C11AE10BE14,2019-11-24 22:52:0,1574610720,39.02,46.80,26.90,66.75
4C11AE10BE14,2019-11-24 22:55:1,1574610901,39.50,46.88,26.89,66.77
4C11AE10BE14,2019-11-24 22:58:1,1574611081,39.35,47.80,26.90,66.77
4C11AE10BE14,2019-11-24 23:1:0,1574611260,39.22,46.17,26.91,66.71
4C11AE10BE14,2019-11-24 23:4:0,1574611440,38.45,45.10,26.92,66.74
4C11AE10BE14,2019-11-24 23:7:0,1574611620,38.15,46.40,26.94,66.62
4C11AE10BE14,2019-11-24 23:10:0,1574611800,38.73,46.07,26.93,66.70
4C11AE10BE14,2019-11-24 23:13:1,1574611981,38.20,44.38,26.90,66.73
4C11AE10BE14,2019-11-24 23:16:0,1574612160,38.17,44.40,26.92,66.75
4C11AE10BE14,2019-11-24 23:19:0,1574612340,37.47,43.93,26.94,66.70
4C11AE10BE14,2019-11-24 23:22:0,1574612520,38.08,44.38,26.90,66.76
4C11AE10BE14,2019-11-24 23:25:0,1574612700,39.68,46.93,26.92,66.78
4C11AE10BE14,2019-11-24 23:28:0,1574612880,41.07,46.62,26.90,66.84
4C11AE10BE14,2019-11-24 23:31:0,1574613060,41.48,47.20,26.90,66.83
4C11AE10BE14,2019-11-24 23:34:0,1574613240,40.85,45.92,26.91,66.78
4C11AE10BE14,2019-11-24 23:37:0,1574613420,41.32,46.35,26.90,66.78
4C11AE10BE14,2019-11-24 23:40:0,1574613600,39.83,45.70,26.92,66.79
4C11AE10BE14,2019-11-24 23:43:0,1574613780,40.27,45.47,26.91,66.80
4C11AE10BE14,2019-11-24 23:46:0,1574613960,40.17,45.45,26.92,66.82
4C11AE10BE14,2019-11-24 23:49:1,1574614141,37.78,44.23,26.92,66.77
4C11AE10BE14,2019-11-24 23:52:1,1574614321,37.75,44.13,26.92,66.76
4C11AE10BE14,2019-11-24 23:55:1,1574614501,37.77,43.78,26.93,66.69
4C11AE10BE14,2019-11-24 23:58:1,1574614681,38.20,45.20,26.90,66.78
